driver_id,avg_speed,hard_brakes,rapid_accels,phone_usage_mins,night_driving_ratio,accidents,driving_score,risk_label
D0000,64.96714153011233,1,3,0.30280660417905425,0.8735555762270888,0,61.92327526710012,Medium
D0001,58.61735698828815,2,0,1.9486311395008973,0.3293780670342177,0,79.51517638031385,Low
D0002,66.47688538100692,1,2,0.4659429789988924,0.5877954050663722,0,72.31220594067477,Medium
D0003,75.23029856408026,5,5,1.4026413041098549,0.847296745535494,0,30.248782481070407,High
D0004,57.658466252766644,1,1,1.574395726257362,0.44127433675006866,0,78.0257218124839,Low
D0005,57.6586304305082,4,2,0.6667741340684848,0.01795786375015096,0,68.30729445686002,Medium
D0006,75.79212815507391,2,2,5.929442471721089,0.07451046181864007,0,66.65090582018502,Medium
D0007,67.67434729152909,0,0,3.6962039071453594,0.5103927213487066,0,82.39973775873514,Low
D0008,55.30525614065048,1,3,2.56295724260711,0.9694393756758783,0,55.485298001268205,Medium
D0009,65.42560043585965,3,1,0.16240680592659795,0.6932095422188678,0,65.81099554376945,Medium
D0010,55.365823071875376,2,4,0.22438989970817605,0.07091619143856953,0,68.13289637181225,Medium
D0011,55.34270246429743,3,5,1.3576261957560347,0.18936087579186278,0,53.49753009265068,Medium
D0012,62.41962271566034,3,3,0.3504059463363285,0.77132314321685,1,53.87272524299034,Medium
D0013,40.86719755342202,1,2,7.657705482353236,0.8414397599562448,1,52.85579383616863,Medium
D0014,42.75082167486967,0,0,0.3451866216607912,0.6176945861885909,0,86.9557350329066,Low
D0015,54.37712470759027,1,3,1.3367836197372198,0.6444231696298166,0,64.43796936792923,Medium
D0016,49.87168879665576,4,1,0.9054941494098299,0.028337450383384644,1,72.62226269351264,Medium
D0017,63.142473325952736,2,1,2.0398966269956933,0.8285302595815085,0,64.34960155437844,Medium
D0018,50.91975924478789,4,1,0.27631020850821153,0.7882752081708296,0,58.68187541956698,Medium
D0019,45.87696298664709,3,1,1.1253484184311302,0.25903514410334716,0,72.5686002810708,Medium
D0020,74.65648768921554,2,2,0.6423537111370391,0.708676719965507,0,64.54175817841578,Medium
D0021,57.74223699513465,3,2,4.37408067054659,0.2148546064249981,0,61.95474653040686,Medium
D0022,60.67528204687924,2,1,0.08286459504845343,0.04033016105151299,0,84.02766758887283,Low
D0023,45.75251813786544,2,0,4.900488636107594,0.20113654259037728,0,76.17629187597726,Low
D0024,54.556172754748175,2,5,3.5794527373925837,0.1786288767542995,0,54.268516990128845,Medium
D0025,61.10922589709866,3,0,0.70642109362777,0.33774799673484723,0,76.83219787804752,Low
D0026,48.490064225776976,1,0,3.1145512109272655,0.4184494971754581,0,80.4019076346363,Low
D0027,63.75698018345672,2,1,0.06342216777563131,0.5085388914977079,0,74.70237783449457,Medium
D0028,53.99361310081195,3,1,6.81436352239397,0.47675387550832815,0,56.836195445045504,Medium
D0029,57.083062502067236,2,3,1.49560779758906,0.27067460596528936,0,66.5952922855161,Medium
D0030,53.98293387770603,0,1,0.7227462866144149,0.029170668574074465,0,92.97109405528968,Low
D0031,78.52278184508938,1,0,0.9006630800591161,0.6051016222371507,0,81.09664139513875,Low
D0032,59.86502775262066,2,1,0.13742586447683605,0.3957448298473544,0,76.81025167409923,Low
D0033,49.422890710440996,2,4,9.084299516024476,0.2986721573875497,0,45.857957820200056,High
D0034,68.22544912103189,1,2,0.08016941849431163,0.8669410428305123,0,67.50084030640113,Medium
D0035,47.791563500289776,0,0,2.127883379827491,0.7467433077981598,0,80.80936708438182,Low
D0036,62.08863595004755,5,3,1.1694321078572252,0.8577655483724422,0,40.50582481683671,High
D0037,40.403298761202244,2,1,5.948576427064931,0.494982794712461,0,63.20319125162092,Medium
D0038,46.71813951101569,1,1,0.5647251331070885,0.13093125212677748,0,86.25192469125027,Low
D0039,61.96861235869123,2,0,1.5189450430215006,0.6962214361212724,0,73.03768119153155,Medium
D0040,67.3846657999541,0,3,1.31693586925368,0.20607377993717524,0,78.24465266274913,Low
D0041,61.7136828118997,2,1,2.427147115847389,0.4412296690917168,0,71.32111238647089,Medium
D0042,58.843517176117594,1,0,0.140866885693063,0.0650007889488885,0,93.4182504496361,Low
D0043,56.98896304410711,3,2,0.43081989082447425,0.8253084024229824,1,57.632192169891404,Medium
D0044,45.214780096325725,4,3,0.48303469099431035,0.12594064104750058,0,61.51511779706137,Medium
D0045,52.801557916052914,2,1,2.6799726819727248,0.9030975070493097,0,61.578104495068345,Medium
D0046,55.393612290402125,0,5,0.41931651678138643,0.8642306022615571,0,56.876754921206086,Medium
D0047,70.57122226218915,2,3,1.7042472026260074,0.46458276443924607,0,62.29985030596306,Medium
D0048,63.43618289568462,2,3,0.48476441761994754,0.7443682043039906,0,59.14310707868029,Medium
D0049,42.36959844637266,3,4,3.9555750544466894,0.6194450738181533,0,44.69994841474355,High
D0050,63.24083969394795,5,1,5.701029765069134,0.8030756423377449,0,42.53642762310683,High
D0051,56.149177195836835,2,2,1.4616689158139262,0.43180510078591205,0,68.44056015265392,Medium
D0052,53.23077999694041,3,2,0.8686827388738841,0.78580848424435,0,57.54646483736523,Medium
D0053,66.11676288840867,3,2,0.5332970727818617,0.46245681706514796,0,64.68426951313332,Medium
D0054,70.30999522495951,2,2,0.10212559248340759,0.9409657878427938,0,60.97643305817731,Medium
D0055,69.31280119116198,5,3,0.6253163253761085,0.4863721008251476,1,49.02192533274483,High
D0056,51.607824767773614,2,3,2.1239963622844136,0.46261927193372954,0,61.499621836756575,Medium
D0057,56.907876241487855,5,2,1.5254958934514837,0.7850718615635127,0,46.247570981826776,High
D0058,63.31263431403564,0,3,5.7662819444142945,0.821577691760838,0,57.03588227595465,Medium
D0059,69.75545127122359,1,1,1.009280460601282,0.5544891143211708,0,76.89165679237402,Low
D0060,55.2082576215471,1,3,2.3674473660499684,0.1797978134950754,0,71.66914899799856,Medium
D0061,58.14341023336183,2,5,1.3440349761544055,0.4677582309575795,0,52.9567654285396,Medium
D0062,48.93665025993972,1,0,1.43724268224804,0.9680725029096784,0,72.76406457731035,Medium
D0063,48.037933759193294,1,1,0.6233329983145527,0.7529861930391851,1,73.69361014258719,Medium
D0064,68.12525822394198,0,2,1.2137583413523827,0.8111626038791322,0,71.3492312397126,Medium
D0065,73.56240028570824,3,0,1.2727209936541504,0.03282549881924013,0,81.79804803630691,Low
D0066,59.27989878419666,3,2,2.452726702691832,0.4678594626341599,0,60.737357341933134,Medium
D0067,70.03532897892023,0,0,5.648269332823984,0.6466211336575554,0,75.77103866120092,Low
D0068,63.61636025047634,1,2,0.7989301213429252,0.8300326836280747,0,66.80148608475265,Medium
D0069,53.54880245394876,2,1,0.08623356060082277,0.04927365358277147,0,83.84205980714292,Low
D0070,63.61395605508414,5,3,1.3715294977825883,0.8524388856418731,0,40.20816329159736,High
D0071,75.38036566465969,1,2,1.5725493497688672,0.5484009367419117,0,70.88688256562402,Medium
D0072,59.64173960890049,3,5,0.3689049739442266,0.19731397057605993,0,55.31591064059035,Medium
D0073,75.64643655814007,0,3,2.858108182642977,0.3172552164497,0,72.93867930572004,Medium
D0074,33.80254895910255,2,1,8.389980213890304,0.28192955175156076,0,62.58144853718818,Medium
D0075,68.21902504375224,1,1,5.829216006887845,0.5308590342884758,0,67.7243873004548,Medium
D0076,60.870470682381715,1,3,0.4390652541695266,0.05168567991113182,0,78.08815589343831,Low
D0077,57.009926495341325,2,0,4.1647033825331095,0.15853615849992353,0,78.49987006493531,Low
D0078,60.91760776535502,2,0,2.4381298147640402,0.8126930433757824,0,68.86987950295628,Medium
D0079,40.124310853991076,1,1,1.209710648093844,0.13260399074681106,0,84.92849888887609,Low
D0080,57.80328112162488,1,1,1.5557158418699892,0.23339626945812697,0,82.22064292709749,Low
D0081,63.57112571511746,1,2,3.7889160618285382,0.4533706056041573,0,68.35475576425978,Medium
D0082,74.77894044741517,1,4,1.3083720007739967,0.5171208881133305,0,62.040838236185394,Medium
D0083,54.81729781726352,3,2,0.9342790505565267,0.7636104796141586,0,57.85923230660377,Medium
D0084,51.91506397106812,2,6,1.3594650930018293,0.4473324266661878,0,48.334421280672586,High
D0085,54.982429564154636,5,1,1.7308616319294685,0.7898646210355388,0,50.74098431543028,Medium
D0086,69.15402117702074,1,2,0.41916596020517727,0.6183463070454575,0,71.7947419386805,Medium
D0087,63.287511096596845,3,1,4.623407690802076,0.11309973942382245,0,68.4911898299194,Medium
D0088,54.70239796232961,2,3,2.242863049551124,0.15633143839283858,0,67.38764513304098,Medium
D0089,65.13267433113356,3,3,2.0062528886100806,0.4370337254497708,0,57.246819713784426,Medium
D0090,60.9707754934804,3,2,0.2096018471410161,0.3968893930890396,0,66.64300844393718,Medium
D0091,69.68644990532889,3,4,1.8535608040608302,0.7435442696372946,0,46.42199299913245,High
D0092,52.979469061226474,0,2,0.2578512588822129,0.5807371397973519,0,77.86955468628854,Low
D0093,56.723378534022316,3,3,0.16393407894915946,0.3881330810022493,0,61.90947022205669,Medium
D0094,56.078918468678424,2,2,1.4986347825053743,0.17076028345038563,0,73.58752476598153,Medium
D0095,45.364850518678814,1,2,1.0309579812949412,0.22683710232549514,0,78.40134199090022,Low
D0096,62.96120277064576,2,1,1.7774010824278856,0.575501018469059,0,69.93517746576305,Medium
D0097,62.610552721798896,3,3,0.1869125683883951,0.42343880489979246,0,61.15739876522736,Medium
D0098,60.05113456642461,0,3,1.1276901575475824,0.5149275088606721,0,72.44606950769139,Medium
D0099,57.65412866624853,2,2,0.3842267976837368,0.17067743530223367,0,75.81799769858785,Low
D0100,45.84629257949586,0,0,8.70106925684185,0.6629062523445658,0,69.339736439425,Medium
D0101,55.79354677234641,0,1,1.6471961880330628,0.852538740855967,0,74.65483280681454,Medium
D0102,56.572854834732304,2,1,2.3258975704495923,0.2579395067869006,0,75.1894147233628,Low
D0103,51.97722730778381,1,5,0.7873249105458251,0.4915142258318266,0,58.595065662271814,Medium
D0104,58.387142883339905,0,1,0.19906376986297572,0.9755273290209018,1,75.09132587985602,Low
D0105,64.04050856814538,1,3,7.448670311244201,0.33324174055072764,0,58.43782456649705,Medium
D0106,78.8618590121053,2,2,0.6744703542455456,0.5950463449237612,0,66.7501323930337,Medium
D0107,61.74577812831839,3,3,1.1026293237419036,0.09019570020024437,0,65.99082734851132,Medium
D0108,62.57550390722764,4,4,2.0988668098488437,0.6060150024794432,1,43.68196633071345,High
D0109,59.25554084233833,2,3,0.05001478451311342,0.08963177330461791,1,73.1073349648814,Medium
D0110,40.812287847009586,2,3,3.3241919650646334,0.959235435323822,0,49.16690736339429,High
D0111,59.73486124550783,2,2,1.5382352059653424,0.7156626520723114,0,62.61027654662308,Medium
D0112,60.60230209941027,0,3,0.6520619969147267,0.7881597881357064,0,67.93268024345642,Medium
D0113,84.63242112485287,2,2,0.12717498231056104,0.7041043607716369,0,65.66356281994614,Medium
D0114,58.076390352188774,3,2,0.3546642466277783,0.5897290360764658,0,62.49609078521513,Medium
D0115,63.015473423336125,1,5,4.508234892197093,0.44991278108550536,0,51.9852745938957,Medium
D0116,59.65288230294757,6,4,2.316878884684917,0.8583733797610624,0,28.198774635408917,High
D0117,48.31321962380468,1,1,0.5751020864380112,0.956835667543063,0,69.71308247626273,Medium
D0118,71.4282281451502,3,2,0.13570297111374324,0.4990361729040813,0,64.74787059969088,Medium
D0119,67.51933032686775,1,3,2.3463396653033968,0.931535049155262,0,56.676619686287964,Medium
D0120,67.91031947043047,1,2,1.6991703364144264,0.5833329099885175,0,69.9350011274008,Medium
D0121,50.906125452052606,3,2,1.036773354775959,0.5383841868964332,0,62.158769552519416,Medium
D0122,74.02794310936099,3,0,0.903891946473383,0.4544827329553567,0,74.1025614479461,Medium
D0123,45.98148937207719,3,3,0.48877083124979975,0.20928776153011985,0,64.836703106898,Medium
D0124,65.8685709380027,1,2,2.214970614678339,0.0037196608180591895,0,80.49566555428214,Low
D0125,81.90455625809979,6,3,7.058154312624834,0.24150622685606127,0,36.053566837629106,High
D0126,50.09463674869312,0,2,0.3864784666587195,0.5097231716035652,0,79.03257963461125,Low
D0127,54.33702270397228,1,3,1.8182162772098232,0.37995995225975254,0,68.76436840038531,Medium
D0128,60.99651365087641,4,2,1.1039378944872604,0.4484852280026338,0,58.822419650972805,Medium
D0129,54.96524345883801,0,2,1.183669091337455,0.9806482195640496,0,68.0196974260441,Medium
D0130,44.493365689338674,5,2,0.5864542494286672,0.3502723706693276,0,56.82164408775611,Medium
D0131,60.68562974806027,2,3,3.48748064055947,0.4521829393601079,0,58.9813799316789,Medium
D0132,49.37696286273895,1,2,1.3281696405156367,0.13351555135281956,0,79.67334969191234,Low
D0133,64.73592430635182,0,1,1.5679207237447101,0.04795773243698764,0,90.90500390377082,Low
D0134,50.80575765766197,0,1,0.7269989644235662,0.7754095145924946,0,78.03781177930298,Low
D0135,75.4993440501754,4,3,0.4013176404734232,0.5706831750719786,0,52.78370121761358,Medium
D0136,52.16746707663763,2,0,0.17965333758433813,0.760704806043895,0,74.42659720395342,Medium
D0137,56.77938483794324,2,0,2.5043602632299824,0.14986279888655163,0,81.994023495809,Low
D0138,68.1351721736967,1,3,0.43689489480226185,0.5718287711826909,1,67.68963478674165,Medium
D0139,47.69135683566045,0,2,2.3428521781591547,0.25364247434137555,0,80.24144615685418,Low
D0140,62.27459934604129,2,2,0.9898272739634476,0.22806181690001992,0,73.4591091140727,Medium
D0141,73.07142754282428,1,0,1.0749375114808397,0.011526014052985256,0,92.61960469597861,Low
D0142,43.92516765438772,3,2,1.2666551624294744,0.1303407235690719,1,69.85987520375961,Medium
D0143,61.84633858532304,0,1,0.9168095396959194,0.30926811149969535,0,86.98101869061425,Low
D0144,62.598827942484235,1,2,0.21209923322803498,0.11687876059093905,0,82.23822632172514,Low
D0145,67.81822871777311,1,3,0.741060430035592,0.9858584404109375,0,58.80071033171007,Medium
D0146,47.63049289121918,4,1,2.1797076764005876,0.30863264852395067,0,64.46793167671981,Medium
D0147,46.795433869157236,3,5,2.19193797933938,0.13032394670232816,0,53.00964510727468,Medium
D0148,65.21941565616898,2,1,0.6743730435962688,0.19908231282795774,0,79.6696076562483,Low
D0149,62.96984673233186,2,2,1.2327524133327092,0.5877032283414765,0,65.78043060650505,Medium
D0150,62.504928503458764,2,2,0.42997190043668776,0.06404352386478851,0,77.85918572183085,Low
D0151,63.46448209496975,2,1,0.4723868674992642,0.8624341301411569,0,66.80654366217833,Medium
D0152,53.19975278421509,2,3,0.046633650074005106,0.9614996792371473,0,55.676739115109044,Medium
D0153,62.322536971610035,1,1,4.541137265524326,0.24674742066738087,0,75.98277705560373,Low
D0154,62.93072473298681,0,1,0.47323449317878186,0.45009526859085935,0,85.05162564182525,Low
D0155,52.85648581973632,4,1,0.5163342496225404,0.02213445102949707,0,73.52464248016499,Medium
D0156,78.65774511144757,0,1,0.655901308724793,0.6407102247272215,0,80.87399288800599,Low
D0157,64.73832920911788,3,4,0.2725745370041452,0.41392605805258886,0,56.17632976493993,Medium
D0158,48.08696502797351,1,0,2.039211588360606,0.2700584661015557,0,85.52040750124767,Low
D0159,66.5655360863383,2,1,0.15623219477726372,0.20683711061660848,0,80.55079339811331,Low
D0160,50.253183297726785,2,1,0.2882082927758412,0.6540230776587604,0,71.3431218612731,Medium
D0161,67.87084603742451,5,1,2.0699048939818567,0.41621703103231444,0,57.53584959139,Medium
D0162,71.58595579007404,1,1,0.8300027294625723,0.17965928902991202,0,84.74680876047663,Low
D0163,51.7931768164829,1,1,2.4616456339871884,0.689109081486824,0,71.29452710228914,Medium
D0164,69.63376129244321,5,0,1.630289520904232,0.5650722830366937,1,60.437975297457655,Medium
D0165,64.12780926936499,1,3,0.5914854059400115,0.8586720549294962,0,61.643588089530056,Medium
D0166,68.2206015999449,1,0,2.104380999426205,0.1174758988764929,0,88.44172002361773,Low
D0167,78.96792982653947,3,3,0.2472157147396446,0.7856666019444561,0,53.79223653163159,Medium
D0168,57.54611883997129,0,1,1.5375111288048893,0.673516786817259,0,78.45464200604505,Low
D0169,52.4626383564251,1,6,1.1494774989460168,0.11501093682809782,0,60.40082626554601,Medium
D0170,51.10485570374477,0,1,0.6236041577257369,0.6948207298717207,0,79.85637708711411,Low
D0171,51.841897150345616,0,2,1.8527073767231792,0.4415472888798304,0,77.46363946895703,Low
D0172,59.228982905858956,3,1,4.101064422389638,0.9449847855558431,0,52.898175444103856,Medium
D0173,63.41151974816644,3,1,13.633453528651135,0.1416113506178993,0,49.90086593033975,High
D0174,62.766907993300194,1,4,1.8717768809266795,0.642833390815738,0,58.399778421831876,Medium
D0175,68.27183249036024,2,1,1.03739933343646,0.38198004546294595,0,75.28560042386816,Low
D0176,60.13001891877907,0,2,0.510319022850928,0.9568146705908778,0,69.84306854248058,Medium
D0177,74.53534077157317,0,3,0.5943771377322214,0.32997489529027646,0,77.21174781873002,Low
D0178,57.35343166762044,4,0,1.3057577947141228,0.9621859094918002,0,58.14476622073575,Medium
D0179,87.20169166589619,1,1,0.9154473194049071,0.9014858511007491,0,70.13938833917521,Medium
D0180,66.25667347765007,4,1,4.9025071828671605,0.27038323531065633,0,59.78732092805255,Medium
D0181,51.42842443583717,4,1,0.9186670125332103,0.8035417768264277,0,57.09183043840502,Medium
D0182,49.29107501938888,4,3,0.9350361333000837,0.995604201803506,0,43.21784369732971,High
D0183,64.82472415243186,2,1,0.9675058783679252,0.25266300217128235,1,78.0117281998385,Low
D0184,57.76537214674149,2,2,3.623355581333223,0.43677716932331967,1,64.01774545086717,Medium
D0185,67.14000494092092,3,3,2.1041540202407383,0.5201807365667597,1,55.38807722818332,Medium
D0186,64.73237624573545,2,1,1.904710882559354,0.2949311358038643,0,75.291955518804,Low
D0187,59.271710873431275,5,2,0.8133607596551767,0.01526483964602976,0,63.067981687769056,Medium
D0188,51.532062819315954,5,3,3.406444459075318,0.22012924419752666,0,48.784526197898835,High
D0189,44.851527753141355,1,1,0.07823826824506983,0.28193688434175845,0,84.20478577667468,Low
D0190,55.53485047932979,2,2,4.092743603890424,0.44359970131818716,0,62.942518765855404,Medium
D0191,68.56398794323472,1,3,1.4379554698762191,0.17110247841340187,0,73.70203949197952,Medium
D0192,62.14093744130204,2,2,1.0158271852393528,0.8732543566916726,1,60.503258495687845,Medium
D0193,47.542612212880115,4,0,1.3749954604677666,0.7049111327313361,0,63.151786424437745,Medium
D0194,61.73180925851182,2,3,2.201722815285082,0.08520047755966198,1,68.8925448182366,Medium
D0195,63.85317379728837,4,2,0.025695209367244818,0.6500924511399314,0,56.946760558466885,Medium
D0196,51.16142563798867,1,2,4.104460016600458,0.6536564764056204,0,63.71795043868668,Medium
D0197,61.53725105945528,3,0,1.1838527344374292,0.9562211736436277,0,63.50787105825259,Medium
D0198,60.58208718446,2,1,0.8400406048705982,0.0030208713561612477,0,83.25950136313558,Low
D0199,48.57029702169377,3,0,0.29756985565994726,0.2479324498058072,0,79.44621129256397,Low
D0200,63.577873603482836,3,1,1.1577285240653432,0.9277914793753155,0,59.12871336436301,Medium
D0201,65.60784526368235,1,1,1.3716392705635732,0.932133915398283,0,68.61404315090721,Medium
D0202,70.83051243175277,3,2,1.0338439861519895,0.7205864193706374,0,58.52058364028326,Medium
D0203,70.53802052034902,1,3,2.2705116367067024,0.76576332104754,0,60.1437103056358,Medium
D0204,46.22330632042909,3,3,1.0925482211382564,0.09148295792964711,0,65.98524439913054,Medium
D0205,50.62174960084877,4,2,6.509916981713345,0.5138758347782336,0,46.70264934100864,High
D0206,65.1503526720866,2,2,1.8289723113213283,0.2315829912889994,0,71.71039555157735,Medium
D0207,65.1378595091221,3,4,3.295089023665168,0.18121804361361726,0,54.78546108039732,Medium
D0208,65.15047686306048,3,1,0.23162074726462062,0.8103032991233325,0,63.3306925230041,Medium
D0209,98.52731490654722,3,3,1.0126425437020543,0.13503813668054743,0,65.27395217898494,Medium
D0210,65.70890510693167,3,3,0.82150120786953,0.46865163699638523,0,58.98396484433323,Medium
D0211,71.35565640180599,1,4,1.6855340913986676,0.938578239586033,0,52.857367025482006,Medium
D0212,69.54001763493203,0,2,3.9481967412293812,0.18583205556534255,0,78.38696540623438,Low
D0213,66.51391251305797,4,4,0.1631539065376037,0.9779934237382346,0,40.1138237121601,High
D0214,56.84730755359654,1,3,0.15068626508930788,0.994287985761059,0,59.812867754600205,Medium
D0215,67.58969220493267,2,2,3.7984805710388136,0.5556171546824029,0,61.29069576427431,Medium
D0216,52.27174785462428,1,3,0.4786731216502829,0.17014274017715791,1,75.63979895315627,Low
D0217,57.63181393259991,5,2,2.209783452968246,0.31610488794089564,0,54.2583353352456,Medium
D0218,55.14636452170897,1,2,1.565610509685997,0.42449283267653515,0,73.3789223270973,Medium
D0219,60.81874139386323,2,4,3.578249026198844,0.30932422435822293,0,56.65701746043786,Medium
D0220,83.14658566673509,2,4,0.2672660180577972,0.2806355798765158,0,63.85275636635409,Medium
D0221,41.32734807408252,1,1,0.2780252675159898,0.9722297092163575,1,69.99935528064086,Medium
D0222,66.86260190374513,0,1,1.6275511420557984,0.15336482741574564,0,88.67760116757348,Low
D0223,43.87284128810349,0,0,5.8516160638995895,0.7333279087168623,0,73.63020969786358,Medium
D0224,55.280681342105666,2,3,1.072279199825515,0.00041028943917487126,0,72.84723581156547,Medium
D0225,70.88950596967366,2,1,0.7918478414539465,0.5961826694023769,0,71.49265092904457,Medium
D0226,60.64280019095463,3,6,1.86631090640023,0.9159430039540524,0,32.94851810811849,High
D0227,49.22255222070694,3,1,5.331378478496701,0.287934094093219,0,63.57856116114222,Medium
D0228,52.84696290740032,0,1,3.627124865745492,0.1855259752577192,0,84.03523076335463,Low
D0229,66.79597748934675,3,3,10.800084878319376,0.651679794878427,0,35.36623434579271,High
D0230,52.69633368282864,1,3,0.045654302855875094,0.7126014072983932,0,65.6566632483204,Medium
D0231,62.16458589581975,1,0,0.23950076483282945,0.6880305189519813,0,80.76038809129471,Low
D0232,60.45571839903814,3,2,1.8804895218229811,0.31931688002137404,0,64.85268335592656,Medium
D0233,53.483996523941826,0,1,3.4360120152458706,0.2522024021593309,0,83.08392792632164,Low
D0234,81.43944089325325,1,3,0.6716290643713478,0.9559187999620442,0,59.53836587201643,Medium
D0235,66.33919022318011,2,1,0.5467986840692606,0.9232995082699295,0,65.44041246646289,Medium
D0236,39.74857413342393,2,3,3.092699003596211,0.4573166098928203,0,59.66826979495117,Medium
D0237,61.86454314769428,1,5,0.11606740174359165,0.8461938661543734,0,52.84398787342535,Medium
D0238,53.38213535231612,1,0,0.9221120298740585,0.45232347763429603,0,84.10930638756597,Low
D0239,68.52433334796224,0,1,1.4096672945233455,0.4243890180725104,0,83.6928850495031,Low
D0240,52.07479261567299,1,2,1.6435466158460248,0.15676294759929466,1,78.57764781632206,Low
D0241,58.85263558533101,2,1,2.6084347596698922,0.42640605649197283,0,71.25500935082076,Medium
D0242,65.04987278980457,1,5,0.8765316046155375,0.537416938599807,0,57.49859801877279,Medium
D0243,68.65755194170121,4,1,1.8970305431516559,0.022504327428686466,0,70.75585236512296,Medium
D0244,47.997035929442234,1,3,1.7607636028204803,0.4441130051754064,0,67.5962126908509,Medium
D0245,56.654987641590516,3,2,1.5864482495875951,0.7813562183952003,0,56.1999791329208,Medium
D0246,55.25054688839044,1,2,2.0459892608348653,0.6800460563742698,1,67.30710035084488,Medium
D0247,53.46670767426288,3,0,0.6007220125269065,0.635156988863935,1,71.09541619766748,Medium
D0248,77.65454240281096,0,2,0.17689482300862205,0.9095554284372025,0,71.4551017852387,Medium
D0249,64.04981710960955,1,2,0.2540121368202066,0.01803200982523001,1,84.13133552985498,Low
D0250,47.391160456649544,2,4,0.5087070673411042,0.5570475861922342,0,57.84163414147311,Medium
D0251,69.17861947054776,1,0,1.3870862599662876,0.7873488484097071,0,76.47885051187328,Low
D0252,81.22156197012633,2,3,3.670704980823026,0.5413353827012672,0,56.83188238432861,Medium
D0253,70.32465260551147,2,3,2.4165865287627586,0.32389555258037916,0,63.6889158908669,Medium
D0254,44.80630034045987,2,3,3.112179202001936,0.13625056509197786,0,66.05063029415658,Medium
D0255,55.15765927133749,4,2,0.8645700070949407,0.8875630718161913,0,50.51959854948629,Medium
D0256,72.66911149186623,2,0,1.037224191785453,0.470762392387603,0,78.51030376867703,Low
D0257,52.92330534381219,3,2,1.000700980072791,0.8781151969857014,0,55.43629410014039,Medium
D0258,64.43819428146229,2,2,0.4260725655639493,0.5858521224331683,0,67.43081242020874,Medium
D0259,67.74634053429337,1,1,0.12634111848809473,0.6741921166150008,0,76.2634754307238,Low
D0260,50.730695284219166,2,0,1.7876699839369223,0.80426115437845,0,70.33943694455715,Medium
D0261,59.404746439382,4,0,9.059510200782091,0.6591555446001344,0,48.69786870643313,High
D0262,27.58732659930927,2,1,0.3650344437508673,0.3980548406789377,0,76.30883429891952,Low
D0263,49.756123586657104,0,0,0.0956194117400638,0.513633383928651,0,89.53609349794685,Low
D0264,57.4743184860684,3,2,3.024002552319278,0.8030455246758799,0,52.89108440184384,Medium
D0265,47.52216818035151,0,1,0.5822720788942033,0.3736502963729842,0,86.3624499147519,Low
D0266,76.32411303931636,5,3,3.539727542606882,0.3881214567684971,0,45.15811577941629,High
D0267,45.69858622039367,2,1,2.4343637696472067,0.09569011605800115,1,78.21747013954557,Low
D0268,55.599555133030165,3,1,5.825487647253242,0.9145844352217477,0,50.057336001058566,Medium
D0269,61.30740577286091,2,6,1.05163229721533,0.09103631494544173,1,56.0760091066605,Medium
D0270,74.41273289066116,5,3,2.1692403101710362,0.6482091774485559,0,42.69733583068681,High
D0271,45.6413784882056,2,1,1.2504342623729647,0.4131944788027977,0,74.23524189919812,Medium
D0272,71.63163752154959,2,1,1.9916892285057688,0.40561939025544236,0,72.90423373787961,Medium
D0273,60.10233061019587,1,4,1.1942160094673746,0.6795518365726839,0,59.02053124961157,Medium
D0274,50.18491348952049,1,3,0.4180677414204575,0.06709373262987872,0,77.82198986456152,Low
D0275,64.6210347426327,6,0,1.4181361603312204,0.5937057829514346,0,55.289612020308866,Medium
D0276,61.9905969557347,1,0,1.5040295498162755,0.7720317859723548,0,76.55130518092035,Low
D0277,53.99783122841205,2,3,3.32782883320009,0.8282127578865942,0,51.78008717586794,Medium
D0278,60.69802084990019,0,3,2.659984627043006,0.1705303893937753,0,76.26942295803848,Low
D0279,56.1468640313824,4,4,2.180048288803956,0.8974190500781737,0,37.69152242082862,High
D0280,61.13517345251248,2,2,0.24069360358934191,0.6561460918474422,0,66.39569095587247,Medium
D0281,66.62130674521046,3,1,2.550338279484294,0.8818548008206828,0,57.262227424617755,Medium
D0282,75.86016816145352,3,4,1.3875153591711755,0.48528071711019827,0,52.519354939453684,Medium
D0283,47.62184501173151,3,2,4.49051129178969,0.542033345097202,0,55.178310514476586,Medium
D0284,81.33033374656267,2,1,5.048233241896302,0.9190382770286711,0,56.52276797563398,Medium
D0285,40.47912200477498,1,2,0.11347213911877813,0.8999095433546718,0,66.774864854669,Medium
D0286,58.482149049644164,2,2,3.436738038527837,0.448160873369002,0,64.16330645556428,Medium
D0287,65.88317206484577,3,2,0.07685262962158387,0.27441263163568175,0,69.3580421080432,Medium
D0288,62.809918677350325,3,1,0.9151057276616221,0.39317043456426415,0,70.30637985339146,Medium
D0289,53.77300480179406,3,0,1.5630825561171362,0.38776432852974974,0,74.11854831717073,Medium
D0290,57.918777496427246,2,3,0.3205741347991925,0.28686687498279395,0,68.62151423074573,Medium
D0291,55.06999065341167,3,4,2.743314516713594,0.26857960433296657,0,54.14177887991348,Medium
D0292,54.106352430557884,2,6,0.016779600656832646,0.8610629364797194,0,42.745182069091946,High
D0293,68.49602097021025,0,4,0.36928621525955835,0.06986192068466168,0,77.86418915578766,Low
D0294,63.57015485965047,4,2,1.7387991672629306,0.6776111820995941,0,52.97017802348225,Medium
D0295,53.070904047393455,3,1,2.506238998350803,0.1728200514564523,0,71.53112097416935,Medium
D0296,68.9959987543325,2,4,4.969247844172475,0.34450589339406323,0,53.171386443773784,Medium
D0297,63.072995208766095,3,2,2.4449298146241505,0.06154303413483686,0,68.87927968805495,Medium
D0298,68.1286211883896,2,3,2.2281378807833336,0.26997363685546205,0,65.14425150132409,Medium
D0299,66.29628841923612,1,2,1.0028767984015738,0.7684210711172421,0,67.62582498085202,Medium
D0300,51.710049890779274,4,3,0.0025705022165520577,0.8850153245472586,0,47.29455250462173,High
D0301,54.39818959803031,3,0,0.25602872744784316,0.22152715190236705,0,80.05739950705697,Low
D0302,67.47293605123262,4,2,1.52952072737393,0.46354783925892185,1,57.6700017600737,Medium
D0303,66.10370265433465,1,2,2.2486596505706125,0.4703240479372064,0,71.09619974011464,Medium
D0304,59.79098406035852,2,2,1.0806746289457896,0.8735753057597342,0,60.36714462691374,Medium
D0305,61.17327383308782,1,3,2.6237026901244773,0.7627990528758054,0,59.49661356223494,Medium
D0306,72.77664895788425,2,2,1.4757130058001913,0.5130772183680499,0,66.78702962103863,Medium
D0307,54.0842861116417,1,2,0.15414267692102354,0.6707472004717734,0,71.27677063672247,Medium
D0308,65.47097381170038,1,3,0.426426666494795,0.8473550539093668,0,62.200045588823066,Medium
D0309,57.97807347566106,5,5,3.6651407181692206,0.009538954025544943,0,42.47893948315066,High
D0310,57.8231879677278,0,3,2.5813338932755387,0.4028900310500486,0,71.77953159244794,Medium
D0311,70.9877685198719,2,0,4.503061407521523,0.9072431672770787,0,62.849013839415385,Medium
D0312,68.2541634898803,4,2,0.2501227276081484,0.7403130308439514,0,54.69349392790467,Medium
D0313,68.13509636000639,2,3,9.255349983238926,0.5428413743340746,0,45.63247254684066,High
D0314,73.05478807154329,0,2,0.4699432407532499,0.5296445270351334,0,78.46722297779083,Low
D0315,60.21003841632759,5,3,0.023699617538341683,0.3477700976044378,0,52.99719881283456,Medium
D0316,66.81952971294965,2,2,11.922211394875937,0.5205205336415145,0,45.74516653741784,High
D0317,56.89733243406544,4,0,0.6599933758786732,0.6553831994634532,0,65.57234925897359,Medium
D0318,63.24166352488442,3,2,2.2053578073750444,0.4183630384287931,0,62.22202361667405,Medium
D0319,58.698569456323156,1,1,0.388826286562516,0.714153146392174,0,74.93928449903149,Medium
D0320,60.96995964992718,2,2,1.7360896801554673,0.8612322272603858,0,59.30317609448135,Medium
D0321,65.95157025436913,5,2,4.687543192349008,0.15468484818486117,0,52.53121665160476,Medium
D0322,51.81779316766527,1,4,0.771857877995389,0.4515470228174244,0,64.42534378766074,Medium
D0323,80.9238727568546,1,0,2.2188650904226814,0.4080200912850811,0,82.40186799345301,Low
D0324,49.93982618500298,1,2,0.41627242572357687,0.6874648040497281,0,70.41815906755829,Medium
D0325,47.85811387212268,3,0,1.960567596764842,0.24986746525792936,0,76.08151550131173,Low
D0326,71.58110873500068,2,0,0.8203032006079857,0.6402509149522763,0,75.5543752997385,Low
D0327,67.91662693962935,1,1,0.4745058911216644,0.877489241731488,0,71.5012033831269,Medium
D0328,66.24119817052156,0,2,0.7513720312460566,0.4181315997936227,0,80.13462394163544,Low
D0329,66.2834550926428,1,0,0.3940772108962442,0.91101569997922,0,75.99153157862311,Low
D0330,59.87753227153085,0,1,4.643864248072732,0.9931637389334784,1,65.84899672518497,Medium
D0331,51.02745628514168,3,4,1.0122961156997006,0.10609204994795207,0,60.85356676964155,Medium
D0332,60.75804558193726,2,3,0.5628150770826598,0.23305318798485863,1,69.21330608613751,Medium
D0333,53.22838288487888,0,4,1.1898926964075744,0.9503797514820932,0,58.612619577542986,Medium
D0334,69.7511973341775,1,2,0.7729025448481908,0.9583276864813868,0,64.28764118067588,Medium
D0335,58.52942618497861,3,2,2.7284337744484155,0.0977072753867585,1,67.58898694336798,Medium
D0336,51.745028032074885,2,2,7.096143031740013,0.014998500377136681,0,65.50774392897723,Medium
D0337,56.78614158347007,1,1,1.1526266364882531,0.16110002325642225,0,84.47274626189505,Low
D0338,64.12931454275625,3,1,3.947043324590407,0.9960127833822483,0,52.18565768317421,Medium
D0339,54.36275447196025,4,1,1.668790591860861,0.17999961661068686,0,68.06242648406455,Medium
D0340,51.77779604433569,0,1,0.34213583067013303,0.5025476067220231,0,84.26477620421927,Low
D0341,62.436872114919126,1,3,2.346387694725757,0.848417726430511,0,58.33887008193827,Medium
D0342,62.44966571108723,1,2,1.44076749072495,0.02040161068820634,0,81.71043280478597,Low
D0343,54.9305682462887,2,2,2.1031131026502137,0.6044889822584595,0,63.70399414953039,Medium
D0344,55.289616943816775,2,2,4.4088744786067116,0.2770254488696243,0,65.64174206539408,Medium
D0345,62.32049937357636,0,0,1.1611896310804546,0.8623349164397316,0,80.43092240904446,Low
D0346,45.51915658502676,2,1,4.6288624284360465,0.28346114926407917,0,70.07305215784633,Medium
D0347,45.92536225623445,0,4,2.777948010576462,0.6867557202819089,0,60.7089895732089,Medium
D0348,52.81555778747564,4,2,1.3412256966290939,0.6742196324473969,0,53.83315595779387,Medium
D0349,57.86552848288153,1,4,1.8487573811116402,0.22149354885964,0,66.87261426058392,Medium
D0350,63.10907565598005,5,4,0.7878077919879488,0.03479919986835012,0,52.7284004186571,Medium
D0351,74.75356216949552,1,2,8.22061861526115,0.4092495737853973,0,60.37377129376975,Medium
D0352,68.5765962320202,1,1,2.2013357782379877,0.2891931519658697,0,79.81346540420662,Low
D0353,58.40061470036573,0,3,0.08967436525506758,0.8089777496137086,0,68.64109627721568,Medium
D0354,59.80983792097311,1,3,0.7908966057052004,0.8003641884553453,1,62.410923019482695,Medium
D0355,49.97470635362191,2,1,1.9526889626834352,0.4570239521926255,0,71.95414303078063,Medium
D0356,59.8148686400761,0,1,0.11596444737815971,0.6065122253232189,0,82.6378265987793,Low
D0357,57.11341361079862,3,4,0.04834808634571605,0.6042595159869252,0,52.81811350757006,Medium
D0358,63.227185603380896,4,1,1.1957621471910915,0.8271581484276234,0,56.065312737065355,Medium
D0359,51.727690564476774,2,4,0.8090016854010477,0.4250024141231975,0,59.88194834673395,Medium
D0360,65.19346514241172,5,0,1.1535698026293217,0.2754466797905091,0,67.18392679893118,Medium
D0361,75.32738913002578,2,3,0.6095026804357184,0.26503491814054747,0,68.48029627631762,Medium
D0362,58.91239851543143,3,3,0.35997116727309464,0.5361922792822041,0,58.556212079809725,Medium
D0363,64.01711722098942,1,3,2.336846855991963,0.44914820273221256,0,66.34334223337181,Medium
D0364,66.90143991711112,2,2,1.4454449648985543,0.4401207709849362,0,68.30669465050417,Medium
D0365,55.987795281141636,0,1,0.4466726679145959,0.09113733908970723,0,92.28390788237667,Low
D0366,62.24092481810417,3,0,0.7701177562099787,0.7186037406901956,0,69.08768967377614,Medium
D0367,60.12592400781795,1,2,1.792034801651397,0.2137366879819107,0,77.141196637059,Low
D0368,60.97676098548832,3,2,0.14994143855136632,0.19695363020872136,0,70.76104451872284,Medium
D0369,52.26990216144534,3,2,0.3190539004963728,0.41275832027739345,0,66.10672579345939,Medium
D0370,60.245101742589426,1,3,0.15213338724020223,0.22777834161780142,0,75.14016639316355,Low
D0371,64.9799829124545,3,3,3.3460053645933328,0.5838582673080154,0,51.63082392465303,Medium
D0372,74.51143607795042,0,1,2.7919560594142374,0.3714633393344715,0,81.9868210944821,Low
D0373,69.59270826085206,1,2,2.7992693525491847,0.4489117225927901,0,70.42322684304584,Medium
D0374,81.53182457511556,0,1,2.519854546228118,0.5371693216040289,1,79.2169044754632,Low
D0375,52.326524371119504,2,2,2.213604008068822,0.20353552248180484,0,71.50208153422626,Medium
D0376,68.72320636720679,1,0,1.2963167137375298,0.1557516228655298,0,89.29233411521435,Low
D0377,61.83342005738352,4,1,2.055999175267226,0.8804219028736048,0,53.27956359199345,Medium
D0378,81.89802933217672,3,1,0.07823347107726894,0.43372370283142103,0,71.16905900121704,Medium
D0379,51.91701714644849,1,2,1.9428904297983667,0.41209360963253916,0,72.87234694775248,Medium
D0380,51.602781578192236,1,1,3.0090543456526118,0.03561215027284148,0,83.26964830323794,Low
D0381,54.00607354555978,4,1,1.3877283165916914,0.4979763025873932,0,62.265017315068754,Medium
D0382,38.76104275690193,1,2,0.8848184141235338,0.5541697216110001,0,72.14696873953292,Medium
D0383,54.74244978319239,1,4,0.6498729180338987,0.5588408709546665,0,62.52343674483887,Medium
D0384,52.40867338446302,1,0,2.058930339063539,0.7070311693228843,0,76.74151593541524,Low
D0385,61.50393786476208,3,1,2.360520359012599,0.17748183499101178,0,71.72932258215457,Medium
D0386,63.41755975777159,1,4,4.095383484601133,0.2522231342306188,0,61.76477034618535,Medium
D0387,78.76170839215887,2,2,0.8381164013943933,0.8107304652304127,0,62.10915789260296,Medium
D0388,69.5042383818605,5,1,2.937372983730464,0.947170616843394,0,45.181841695671196,High
D0389,54.23096344337597,1,1,1.648133456055446,0.13593274736732064,0,83.9850781405427,Low
D0390,51.01585328651642,2,3,4.2883696084568825,0.4976495545052182,0,56.47026969298187,Medium
D0391,64.91919171506505,5,1,1.5007565939255985,0.21417625273958685,0,62.71496175735706,Medium
D0392,46.797667929793576,1,3,1.4580869376200798,0.06007316835498244,0,75.88236275766019,Low
D0393,78.31458765854353,4,3,1.7249174623048544,0.3255033381261354,0,55.040098312867585,Medium
D0394,71.79440120721287,4,2,2.767119049532051,0.14368762518421274,1,61.592009397251644,Medium
D0395,55.30824347895295,1,2,6.68720525967573,0.7099330734342463,0,57.42692801196362,Medium
D0396,42.868654709091224,2,4,0.15281923150416296,0.5337254136714444,0,59.019853263562794,Medium
D0397,73.53872374165412,3,1,0.10983043314773575,0.14383447099031088,0,76.90364971389832,Low
D0398,58.85460154747382,6,1,5.546788890529667,0.009241588405514367,0,53.72159045083038,Medium
D0399,72.37816311973462,0,2,1.509515985456912,0.8081570490242127,0,70.81782704860191,Medium
D0400,44.05572341205633,4,1,1.9085201324053063,0.17619440616424753,0,67.65907161190444,Medium
D0401,54.00624977046227,3,3,1.3171962699403499,0.606216642220766,0,55.241274615703986,Medium
D0402,60.05243699718183,1,3,0.19667591353311137,0.33692191307674557,0,72.86820991139886,Medium
D0403,60.46980593764742,4,4,2.9228064666979314,0.5854859383150356,0,42.44466830030343,High
D0404,55.49934528520756,1,1,2.75050821989016,0.315653626982324,0,78.1859110205732,Low
D0405,66.22849932347499,2,1,0.7470706304728714,0.08693956069225417,0,81.76706752520917,Low
D0406,49.32379570617405,1,1,0.7312562233363529,0.2229500085577536,0,84.07848738217223,Low
D0407,58.576205149787064,4,1,3.6383605851444494,0.1880585664790756,0,63.96210750012959,Medium
D0408,61.20295631711899,3,2,0.15021719266517405,0.42801935243964384,1,66.13917856587678,Medium
D0409,65.14438834058748,6,0,4.259031552219762,0.6582837834261573,0,48.31626122703733,High
D0410,67.11614878088889,1,1,0.5932080160224101,0.26380607494635755,0,83.53746246902803,Low
D0411,48.75357908162131,2,2,1.7978092388789573,0.012069935300617951,0,76.16298281622973,Low
D0412,44.65885829264378,1,4,5.497562493322449,0.5189373642647569,0,53.62612772805997,Medium
D0413,72.7767682189851,2,0,2.2671684907560365,0.6057594893589721,0,73.35047323130848,Medium
D0414,63.323140119795916,3,0,1.070338453796873,0.9628704940018097,0,63.601913212370064,Medium
D0415,52.51513463443446,3,1,2.3393631145731675,0.5894708030932468,0,63.531857708988724,Medium
D0416,75.51151975522524,0,1,0.8431268966383839,0.47117255937814184,0,83.8902950191604,Low
D0417,61.156746342928585,1,4,0.6494070861006341,0.5734016258977038,0,62.23315330984466,Medium
D0418,71.79297184063826,1,2,11.417556627015186,0.927900629862027,0,43.606874148729084,High
D0419,60.67518481410109,4,2,2.778920584228008,0.8283781456016462,0,47.87459591951105,High
D0420,80.60747924881987,1,2,2.069698008670631,0.322978733363808,0,74.40102931538259,Medium
D0421,77.55340842443204,4,5,0.8779082445968491,0.23725436365713726,0,48.49909623766356,High
D0422,57.51035851520926,0,3,0.10082069313839293,0.26263361236607363,0,79.54568636640174,Low
D0423,69.71570950954356,3,4,0.06309872882548137,0.504421039715213,0,54.78538174804478,Medium
D0424,66.45375949585147,1,3,1.615685623834913,0.7440494512285778,0,61.88763972775862,Medium
D0425,73.68631557532349,2,0,2.871244196239446,0.5032192071829621,0,74.19312746386187,Medium
D0426,50.35076539419896,4,3,1.541695092575773,0.06779639582811259,0,60.560681898286205,Medium
D0427,66.8605145999844,2,2,3.6750004814824924,0.7235807004399809,0,58.1783850282354,Medium
D0428,70.58424486849587,1,3,0.06799593973695589,0.8059701286709539,0,63.744605547107014,Medium
D0429,42.41260513576886,1,3,0.9137865382088989,0.28949786511971964,0,72.38246962118781,Medium
D0430,48.16741487334225,2,1,0.541179015503813,0.6641257392833504,0,70.63512718332537,Medium
D0431,39.607678222398995,1,1,1.185782025261945,0.4265919010543934,0,79.09659792838825,Low
D0432,57.305931655554424,2,4,0.15025844917328932,0.8891193557274428,0,51.917095987104574,Medium
D0433,67.17542255795962,1,0,6.163959516959197,0.8452255581607399,0,65.76756980286682,Medium
D0434,75.02357052096028,2,2,0.5052873683072787,0.5254319983096423,0,68.4807852971926,Medium
D0435,60.74094780419775,0,3,5.110000194379472,0.6915055458135945,0,60.94988869496916,Medium
D0436,76.28615545571292,1,1,1.109879517867179,0.883349701022104,0,70.11324694382357,Medium
D0437,46.198985417851084,4,0,8.47054475714865,0.4957170100782755,0,53.14457028413719,Medium
D0438,42.96617560644845,3,3,1.615134480300274,0.31325074048882195,0,60.50471622962301,Medium
D0439,59.44452301103381,2,2,5.342458890004249,0.7536661379095813,0,54.24175946179987,Medium
D0440,63.840654489393074,2,1,0.010726691508605517,0.22006625478469177,0,80.57722152128895,Low
D0441,59.67305251905907,1,2,2.7585485686875177,0.38853114800604205,0,71.71227990250412,Medium
D0442,39.325578999601234,5,1,4.667133267608412,0.8657272371067937,0,43.3511887226473,High
D0443,59.10879960487212,0,0,0.3009960407856958,0.7244223402693151,1,84.9095611130423,Low
D0444,46.95530499495147,2,2,0.20213028959869234,0.40381100524749924,0,71.51951931585263,Medium
D0445,66.69672548830039,3,0,1.1052844448777062,0.2147445024083574,0,78.49454106207745,Low
D0446,63.66598246096848,1,3,5.426494549035046,0.3559683908322365,0,62.02764308528517,Medium
D0447,50.60120213672645,2,2,1.5634609382692863,0.284104149227433,0,71.19099513891277,Medium
D0448,54.861330826633065,4,4,1.4992507920430547,0.17608928794385392,0,53.47971265703681,Medium
D0449,49.40786478111048,3,1,0.30426637536611634,0.7433329135656567,0,64.52480897795463,Medium
D0450,59.37320902726828,2,0,0.001579645842481071,0.2520698868501715,0,84.9554429713116,Low
D0451,69.55142320501238,1,0,3.322937596976941,0.4541674701677638,0,79.27077540269084,Low
D0452,50.14273953664456,3,4,0.18329781945159834,0.38585944683610907,0,56.91621542437463,Medium
D0453,65.04046515517844,2,0,2.00942339683879,0.9820773786356308,0,66.3396056336098,Medium
D0454,54.69742381627559,1,5,4.921203745147795,0.3910922441482205,0,52.335747626739995,Medium
D0455,52.07127167737656,0,0,0.4680346975879571,0.0799824827967548,0,97.46428094888898,Low
D0456,58.929696400454425,0,3,2.188879031037551,0.08982575257208403,0,78.82572688648321,Low
D0457,49.64757677580626,2,2,0.1639360359887266,0.5907537213530648,0,67.85705350096126,Medium
D0458,54.46350694652818,0,1,1.8514458703371297,0.5993635517382656,0,79.30983722456043,Low
D0459,48.021221074111516,1,1,0.3580899914631611,0.41875899048265497,0,80.90864020742058,Low
D0460,79.6472513291639,0,1,2.663260568332381,0.4318436923120297,0,81.03660501709464,Low
D0461,60.35263551971729,0,2,0.7168709706908254,0.05393258284087121,0,87.48760640180092,Low
D0462,53.00274492007414,2,3,1.2449711705387108,0.5165465103892622,0,62.17912745113733,Medium
D0463,62.13979910734222,2,2,1.8297361987297638,0.5047394753803517,0,66.24573809493344,Medium
D0464,58.8767195030917,4,3,0.3757299720908867,0.14954931855694453,0,61.25755368467934,Medium
D0465,57.79030400466777,4,3,2.706785749328483,0.10383938611092758,0,57.50964077912448,Medium
D0466,66.14166700043425,0,1,0.7209079814903441,0.12357249059949049,0,91.0867342250295,Low
D0467,67.57507710047305,2,2,2.1716203327900625,0.10102824649125852,1,73.6361944045947,Medium
D0468,54.69498852389472,1,2,0.34462297196387,0.6097081955367598,0,72.11659014533706,Medium
D0469,54.2418175935532,2,2,2.3302585502769007,0.19648265240291862,0,71.40982985138783,Medium
D0470,57.24948302848356,1,4,0.27436311632781535,0.25143015218746345,0,69.4226707235951,Medium
D0471,36.980788352644154,0,1,1.1080108479465136,0.17357214415143973,0,89.31253542107817,Low
D0472,44.84808937801448,4,0,0.567927517881496,0.9578353044485031,0,59.70743887526695,Medium
D0473,73.66874267444524,4,1,2.759632772584303,0.8546174631518354,0,52.38838519179468,Medium
D0474,76.44967713501283,1,2,0.6077177741754168,0.23049483735152088,0,79.17466770461874,Low
D0475,57.50963960443622,1,0,4.2693556222748335,0.327566293922126,1,79.90996287700781,Low
D0476,65.76556963055766,3,1,4.447921453504767,0.20989284230499716,0,66.90630024689052,Medium
D0477,63.112501545435364,6,0,0.43741012006899027,0.49187595946082374,0,59.28766057064554,Medium
D0478,90.78880808455239,1,2,1.9030377658827897,0.019610532474253595,1,80.80171381874935,Low
D0479,71.19574911434577,1,2,0.18361146689561839,0.6713680088967957,0,71.20541688827285,Medium
D0480,58.72082408519233,3,3,0.9936386747118611,0.5231581498176416,1,57.549559654223444,Medium
D0481,50.44459559399574,3,0,2.498789401475982,0.8986389283011033,1,62.02964263102597,Medium
D0482,43.93553679742428,1,5,2.1542295314500333,0.16439268432841414,0,62.40368725053165,Medium
D0483,62.03463635867223,2,5,1.9600627130002293,0.8041092460611317,0,44.997689652776906,High
D0484,52.436492547156966,2,1,0.6640785716197561,0.7919610144667157,0,67.83262256742617,Medium
D0485,45.77746290402326,1,4,0.949710597356644,0.12718118921688693,0,70.55695502094898,Medium
D0486,53.534271157574736,2,2,0.21727875874509914,0.3985592241441276,1,71.59425799962725,Medium
D0487,49.18451996385605,2,3,2.5389636489074023,0.1701526411445169,0,66.51901987929486,Medium
D0488,76.87141635072564,2,2,1.401910354737368,0.2547205004575489,0,72.10176928137429,Medium
D0489,68.81639756949451,2,3,2.467253897664981,0.26324617483054435,0,64.80056870805915,Medium
D0490,59.92027358683383,2,2,0.5725488600824336,0.5562363940257727,0,67.73017439931968,Medium
D0491,74.79944138890026,1,2,0.7844213607337078,0.4114109317604655,0,75.20293864332328,Low
D0492,60.77368307647618,1,2,0.8135779798866024,0.9477328040063053,0,64.41818796010068,Medium
D0493,51.38715798671736,5,2,0.05215908785208389,0.12637014194700513,0,62.36827898535573,Medium
D0494,75.23124077269657,3,0,0.8342087835558014,0.9736921348501988,0,63.85773973588442,Medium
D0495,65.38910043684659,3,4,3.252197610185984,0.23063864021426395,1,53.882831975342754,Medium
D0496,49.62753845673544,1,4,4.55185703024432,0.7728739363818531,0,50.4388072118743,Medium
D0497,58.09661321916392,2,1,1.4605284090849693,0.3389699261728214,0,75.29954465837363,Low
D0498,51.24381746615243,7,3,1.2157808999284703,0.1430813954173139,0,44.70681029179678,High
D0499,46.172002690356635,2,0,0.06261938282828633,0.8578891852462399,0,72.71697752941863,Medium
D0500,69.26177547531641,2,2,4.227309802579727,0.3088608992364632,0,65.36816241011128,Medium
D0501,79.0941664047013,3,0,0.02619117510281669,0.6588554042268422,1,71.77050956525753,Medium
D0502,46.01432426180859,0,3,5.791776780707735,0.5664436850866266,0,62.087572736851996,Medium
D0503,65.62969236690572,2,2,1.3436179312079355,0.4717563093908743,0,67.87763794976664,Medium
D0504,53.49357430878173,2,1,0.8369015975483456,0.4958194726485391,0,73.40980735193253,Medium
D0505,55.12874616235304,2,0,5.159800439283318,0.7322379140922876,0,65.03564083958761,Medium
D0506,54.07606075761131,1,0,0.04938676105703104,0.08777291412344057,0,93.14576819541713,Low
D0507,51.36009230320184,2,4,1.7417978849514024,0.6681806619579052,0,53.152790990939096,Medium
D0508,60.48521627944827,1,2,1.5922766751737425,0.8958121013985787,0,63.89920462168094,Medium
D0509,51.69049883588962,2,2,0.4951809162895943,0.05778819701986415,0,77.85387422702354,Low
D0510,62.704568257798385,2,3,1.120337891523752,0.14065333923366674,0,69.94625743227915,Medium
D0511,59.49761890550863,5,5,2.1126234497767453,0.7166319367020314,0,31.44211436640588,High
D0512,57.6105195313359,2,3,2.597528347938528,0.43728164824461757,0,61.05931033923059,Medium
D0513,50.92436337958402,2,0,0.0014342315452861736,0.40354862081368836,0,81.92615912063566,Low
D0514,54.23228669431667,1,0,5.524593496449628,0.13696663454423585,1,81.21148031621603,Low
D0515,67.55391225825755,1,2,0.359510598645199,0.5067700407177881,0,74.14557798835384,Medium
D0516,65.00917187624381,0,2,0.5320510463840279,0.12654531119637724,0,86.4049916833044,Low
D0517,50.22444755201449,0,2,0.6116199780055868,0.4766204563105404,1,79.24435091777802,Low
D0518,60.99332305429226,2,3,0.0771077551033726,0.7636152989616567,0,59.57347851056012,Medium
D0519,67.5138712337179,4,0,0.2626154446893315,0.2582643578871635,0,74.30948195287807,Medium
D0520,43.305947188786284,2,0,8.588020224501532,0.4807861681797273,0,63.208236187402385,Medium
D0521,65.43360192379934,5,3,0.757305791433715,0.9920159693968357,0,38.64506902919585,High
D0522,53.37376241054153,1,2,0.24501581386571394,0.6866504233540373,0,70.77695990518782,Medium
D0523,65.70598668593159,1,3,0.22631782446968982,0.8413567713051986,0,62.72022892495665,Medium
D0524,52.367408434574834,2,1,2.54207769289697,0.41484760656054576,0,71.61889248299515,Medium
D0525,41.95117899335481,0,3,3.8561024430178517,0.7678609231258553,0,61.93057665144718,Medium
D0526,43.72457562116837,0,3,0.5939900729421788,0.040509172941321836,1,83.00183639528922,Low
D0527,60.48084946661382,4,1,0.04226242411225112,0.12291118254224498,0,72.4572515009306,Medium
D0528,62.59722501721482,3,3,0.5048615783621853,0.20307059292006213,0,64.92886498487438,Medium
D0529,50.956833748955916,1,4,0.11635108945407227,0.40195192461521956,0,66.72825932878747,Medium
D0530,66.38592458777374,2,2,0.21827959995175122,0.8457448783257632,0,62.648543233581236,Medium
D0531,43.3847993773104,0,1,1.1295364976539124,0.3462660507879305,0,85.81560598893357,Low
D0532,59.33920201352684,0,4,0.5225175157705177,0.6546211935154629,1,65.8625410981497,Medium
D0533,47.889838002375434,1,1,1.4511171145771375,0.7093142948034834,0,72.91147987477606,Medium
D0534,53.48163892197841,2,1,0.5847025879932635,0.5861823540883414,0,72.10694774224665,Medium
D0535,60.47398671316414,2,3,5.644812144627177,0.3572419681701362,0,56.56553634734292,Medium
D0536,51.39586634716048,1,1,4.727729176819913,0.5770533417135443,0,69.00347481208928,Medium
D0537,56.154444557701744,0,4,1.6731397135530999,0.3422655927897462,0,69.80840871709889,Medium
D0538,70.0629280921444,3,3,0.875224650054023,0.08387373855201208,0,66.57207592885172,Medium
D0539,54.23108130476851,3,0,0.9597746473745826,0.9928039781860144,0,63.224371141530554,Medium
D0540,68.35692112065142,3,2,1.0615542869834858,0.1271824536325109,0,70.33324235338281,Medium
D0541,48.702931453423815,5,3,2.600815595314675,0.07234838383605735,0,53.35140113264951,Medium
D0542,65.29804177915283,2,2,1.2016428832493211,0.8785307492071559,0,60.02609924935824,Medium
D0543,74.41568620657901,2,1,3.88604788739455,0.3018346608928951,0,71.191211007353,Medium
D0544,35.283554998727105,3,4,5.768195256444331,0.6502969740735076,0,40.45767000564119,High
D0545,52.03104744529523,2,1,0.8187840769696687,0.32900572966223285,0,76.782317252816,Low
D0546,65.7707212718054,2,1,1.6451203315316199,0.39145427079447115,0,73.88067392104733,Medium
D0547,57.96954613957007,2,0,0.19976561774367546,0.2621129720167965,0,84.35820932417673,Low
D0548,63.71145873371309,6,3,0.4474600659378159,0.3430440057930102,0,47.244199752264166,High
D0549,53.960148132841795,4,0,1.0670484876227344,0.4107004005865431,0,69.65189501302368,Medium
D0550,60.865897874729,1,2,0.461854320064089,0.7204160690923429,0,69.66796997802496,Medium
D0551,58.44322764607921,6,1,4.1840080937289486,0.5115361942347918,1,46.40125992784627,High
D0552,71.67782061659807,1,1,0.34463058821973913,0.9435652171569769,0,70.43943448042099,Medium
D0553,62.54420843301213,3,2,1.216365473246181,0.04188039383877551,0,71.72966117673214,Medium
D0554,63.37602662075202,1,4,1.8612826236006477,0.5030683226320282,0,61.21606830015815,Medium
D0555,55.881230338775325,3,4,2.3544274739556363,0.5842247888317181,0,48.606649275454366,High
D0556,55.123937759275066,4,3,0.9659973841452056,0.9201969860742739,0,44.66406551022411,High
D0557,55.67441812180379,3,4,4.066628983378421,0.049158523621427586,0,55.8835715608146,Medium
D0558,63.944521423782966,3,1,1.6801374788211565,0.573499584935216,0,65.16973334365336,Medium
D0559,55.79015519179737,2,2,1.1578798356572526,0.853629928527957,1,60.61164175812635,Medium
D0560,62.89774856896413,4,1,0.13921605142254712,0.24192772811923657,0,69.88301333477018,Medium
D0561,80.75400798645438,4,1,1.2498165353186503,0.8762923485239374,0,54.974519958883945,Medium
D0562,68.71124703431693,1,4,3.4377896227138995,0.019043409274291823,0,67.74355256908636,Medium
D0563,56.73976467832159,2,2,1.906640988578486,0.7324546291337297,0,61.537625440168426,Medium
D0564,72.01213922163944,2,0,3.569517507789542,0.933113221168653,0,64.19870056104786,Medium
D0565,55.91924626978449,2,3,1.3624833487723294,0.6571976616400622,0,59.1310800696541,Medium
D0566,39.61875464822146,2,1,0.25217367040023003,0.43902924398044796,0,75.71506777959058,Low
D0567,49.91913689082596,2,2,0.02746744631731648,0.04488101647271803,0,79.04744477791101,Low
D0568,41.29208078974145,4,2,0.7225698119185715,0.9201138133226288,0,50.152584109710276,Medium
D0569,56.48486515958692,1,0,2.3945934215463742,0.4702962226915748,1,80.80488870307576,Low
D0570,60.184183791895514,1,2,3.1237723051768898,0.02899674433594801,0,78.17252050292726,Low
D0571,76.76437312275283,1,5,0.7012517945074951,0.6898210713287619,0,54.80107498440978,Medium
D0572,63.269273737641626,2,2,1.3689851632861223,0.4818372535762582,0,67.62528460190259,Medium
D0573,57.80899471191136,1,3,1.0933163684312812,0.12434531744241073,0,75.32646091428923,Low
D0574,68.2940558118349,1,0,1.0570384201018748,0.21427180931025958,0,88.60048697359106,Low
D0575,37.88864690992115,3,2,0.5262357510423544,0.06449068045584627,0,72.65771488879837,Medium
D0576,62.356145581085656,2,1,0.29322424431623095,0.5742935397085736,0,72.92768071719607,Medium
D0577,67.70865193886966,1,3,0.4380255848941653,0.6220294792520092,0,66.68335924517149,Medium
D0578,45.214137542201584,1,2,0.11384429161749168,0.5057422983554444,0,74.65746544965613,Medium
D0579,71.43754043206928,3,1,0.44161940826985796,0.8171021330026149,0,62.774718523407984,Medium
D0580,63.38496407494414,0,2,0.018486974655112724,0.8610088213080136,1,72.7428496245295,Medium
D0581,55.847120860991986,2,1,1.9737397250173923,0.6156243966831266,0,68.74003261630267,Medium
D0582,66.32781866106285,3,2,0.7606927064762349,0.012756479707430546,0,73.22348499289892,Medium
D0583,82.70692857804396,0,5,7.234585020164643,0.6952296557477357,0,46.626236844716,High
D0584,61.81866255058495,3,3,0.4306410889059882,0.4179992169203516,0,60.778733483781,Medium
D0585,62.48220586300336,2,4,0.8487716739295843,0.565557483226387,0,56.99130698761309,Medium
D0586,55.40639100459756,3,2,0.8858391788967345,0.6490806020188844,1,60.246709601828854,Medium
D0587,51.50155630535208,2,2,0.016974824926715443,0.35023661432707676,0,72.96131806360503,Medium
D0588,68.30335816544246,2,0,3.655286765322066,0.9170985051717943,0,64.34745636591998,Medium
D0589,51.43916174091133,3,2,0.06503493746107242,0.1339748667497812,0,72.19043279008223,Medium
D0590,60.715662372193925,2,1,5.63282492596621,0.6715118072810374,0,60.30411400244683,Medium
D0591,55.223425532348834,3,1,4.452625449981751,0.004359579956580428,0,71.00755750090488,Medium
D0592,64.78979825746391,2,2,1.5336818078849197,0.9246511054051808,0,58.43961427612655,Medium
D0593,63.33662105286948,0,3,1.5687519308085205,0.1125041332380915,0,79.61241347362113,Low
D0594,70.375399442579,1,1,2.1213497372983627,0.09488423014757463,0,83.8596159224518,Low
D0595,54.89983601145253,3,2,0.9789438638247168,0.33300763305224423,0,66.38195961130567,Medium
D0596,57.30125064706629,2,1,2.0838342368056466,0.3735662860390806,0,73.3610058056071,Medium
D0597,50.21236284217693,3,2,0.09160288594460557,0.21430007232287862,0,70.53079278165322,Medium
D0598,55.55706739923888,1,1,0.11112611446662946,0.5851216609271247,0,78.07531455252425,Low
D0599,63.77300493044852,2,1,1.2221407892645297,0.4429140980419636,0,73.69743646063168,Medium
D0600,67.56988616645351,0,3,1.5953374347669613,0.03417558904108742,0,81.12581334964433,Low
D0601,50.77834675822375,1,3,4.37525904099726,0.31965206225530063,1,64.85644067289948,Medium
D0602,68.6960592010566,1,1,0.22110490517333967,0.8104329135731705,0,73.34913191818991,Medium
D0603,73.55637858804951,0,0,3.459236820346015,0.6897015348618686,0,79.2874956620706,Low
D0604,64.13434903223701,4,3,0.47156451187851,0.7248708535798805,0,49.559453904645366,High
D0605,78.76795812558066,6,3,1.0020266725706153,0.6981169240835235,0,39.0336081731883,High
D0606,52.26210800896427,4,3,0.7613570042435369,0.3109730213830333,0,57.257825563852265,Medium
D0607,47.55345296688583,3,0,1.02216889073282,0.09966392207677588,0,80.96238377699883,Low
D0608,42.212797510957216,1,0,0.3262040767632895,0.272467184033096,0,88.8982481658115,Low
D0609,74.96044311489183,4,0,1.4006258844442026,0.8317853001851593,0,60.56304222740841,Medium
D0610,66.54365656354058,2,4,3.2353695473285193,0.9804707977830711,0,43.91984494968153,High
D0611,59.44415329089545,3,1,1.1651231165213618,0.49384701474156134,0,67.79281347212604,Medium
D0612,62.799686263198204,2,3,1.349096735107979,0.00970035492304222,0,72.1077994313232,Medium
D0613,48.74510952701623,0,0,3.7778749103067555,0.14004481213422904,0,89.6433539367019,Low
D0614,84.45751979616827,2,0,2.4487464000387087,0.32208057531626577,0,78.66089569359727,Low
D0615,61.292211819752275,2,4,1.3484718950704695,0.5785853485929497,0,55.73134923800007,Medium
D0616,61.09394794604893,3,1,0.5959918845439888,0.07509364580531397,0,77.30614331480574,Low
D0617,67.25766623898691,1,2,4.3243727389004905,0.9433572987098816,0,57.48410854800138,Medium
D0618,64.81009231736714,0,4,1.72086266409191,0.3650836732844007,0,69.25660120612817,Medium
D0619,62.23884024279131,1,1,0.49986747545906507,0.912584217924823,0,70.74858069058541,Medium
D0620,52.09525544554688,3,0,0.6270113059012101,0.7805218027570218,0,68.13554133305713,Medium
D0621,64.71468357135996,1,1,3.2504547138132325,0.7554372725155811,0,68.39034512206192,Medium
D0622,78.82024496475034,1,2,0.09029927824293278,0.606719579782232,1,72.6850098478695,Medium
D0623,73.45420046154977,2,1,9.679808049075348,0.6267838170518446,0,53.104707560812415,Medium
D0624,75.93186626639397,5,1,0.27933275722706197,0.6380032352162481,0,56.68126978122092,Medium
D0625,54.88784323568815,4,1,3.179942500752877,0.6287213870255821,0,56.0656872579826,Medium
D0626,50.10395179741419,2,3,1.00431102531573,0.5537282313983612,0,61.916813321401314,Medium
D0627,58.74213079900352,2,1,1.3553989592630087,0.9864140184828889,0,62.560921711816206,Medium
D0628,60.557249122886944,5,1,4.251399529243777,0.7322905674256961,0,46.85138959299852,High
D0629,70.94191518470949,1,3,1.0651583503586428,0.7769463883925212,1,62.33075553143229,Medium
D0630,43.07535370285181,2,1,1.5421904330989433,0.8724628150836742,0,64.46636283212862,Medium
D0631,75.29550319460614,1,2,0.10111273704019474,0.21563976272584917,0,80.48497927140262,Low
D0632,58.419921014210104,3,0,0.004700467007722309,0.08380415909506078,0,83.31451588408333,Low
D0633,55.7311893005258,0,1,0.5615449919715455,0.48289443659859865,1,84.21902128408493,Low
D0634,49.87895624739832,0,3,2.2825162214445927,0.5140806956192732,0,70.15335364472534,Medium
D0635,43.451433281342304,2,1,0.2585435686939775,0.8291817799499177,0,67.89927726361368,Medium
D0636,68.23170583961914,1,4,0.2415393898828481,0.4437835792823357,0,65.6412496345876,Medium
D0637,60.73317967188404,1,2,1.058524436342255,0.5708530255443127,0,71.46589061642923,Medium
D0638,47.10039100258946,2,0,2.087322504033811,0.5270709385134583,0,75.28393622166321,Low
D0639,47.04921227936384,1,4,2.490089606355524,0.03820278375739106,0,69.25576511214113,Medium
D0640,56.64215300709872,2,2,0.3931265992096782,0.615214896596914,0,66.90944886964236,Medium
D0641,76.69021525289392,2,1,0.16586808642316286,0.8280432857742522,0,68.10739811166863,Medium
D0642,57.40408648636395,3,1,5.6400998802695215,0.15750054807580383,0,65.56978927794488,Medium
D0643,44.96857046881894,3,2,0.6040120309374603,0.5943317339265958,0,61.90534125959316,Medium
D0644,57.54256935914056,1,1,3.8393652023788114,0.5936105444464144,0,70.44905870631408,Medium
D0645,57.27276430252329,1,2,3.982736064693041,0.16418496405635874,1,73.75082858948674,Medium
D0646,33.03113357058429,1,2,2.9614086999457805,0.12346357373073602,0,76.60791112549373,Low
D0647,59.45705133482188,2,1,0.36985054300437326,0.9800519429764848,0,64.65926005446156,Medium
D0648,57.69065469791322,2,1,3.4497139056706003,0.39371916965303755,0,70.22618879559805,Medium
D0649,66.96206364813418,1,5,2.9328456583685734,0.22742172872352928,0,59.585874108792275,Medium
D0650,78.48956094945345,1,1,1.816263167404326,0.17132454445437495,0,82.94098277610385,Low
D0651,71.26565029547757,3,6,0.8225701279942723,0.6676017135832351,0,40.00282547234676,High
D0652,57.31111309445169,1,4,0.609001715276627,0.6094452973272788,0,61.59309062290117,Medium
D0653,48.934740912583294,5,2,0.25996502233299174,0.6435521229874175,0,51.609027495585664,Medium
D0654,85.7335980324986,2,1,1.425708457803433,0.08800602751145226,0,80.38846253416409,Low
D0655,60.59218434014488,3,1,1.7602111441989925,0.893534583498437,0,58.60888604163328,Medium
D0656,60.13929291912946,0,3,0.8905096166170134,0.3892663968090483,0,75.433652830585,Low
D0657,59.758749128899964,3,2,1.2900823776457093,0.31336940643035793,0,66.15244711610143,Medium
D0658,61.98084760767855,0,1,0.9035871501970358,0.4623614472477392,1,83.94559675465115,Low
D0659,58.556395880760576,4,4,2.0488995267916366,0.39006606574762825,0,48.10087963146416,High
D0660,54.26337993119763,1,2,4.630514246115708,0.8635770031391459,0,58.467431444985664,Medium
D0661,54.53141058759608,2,1,0.3580625802384572,0.9292609751978921,0,65.69865533556523,Medium
D0662,59.672467297840015,3,3,0.9606213210247603,0.3034532164496062,0,62.00969302895835,Medium
D0663,54.56575228866235,1,2,0.30366680945389424,0.8639358074599548,0,67.11395023189311,Medium
D0664,52.871542173228356,0,4,1.9613586373466525,0.7815231295330671,0,60.446820134645364,Medium
D0665,61.064302276918966,2,4,2.610317494918016,0.9308076723447618,0,46.16321156326873,High
D0666,57.450227825791444,2,1,5.373930104866426,0.24575031218588783,0,69.3371335465494,Medium
D0667,75.0399298858269,2,4,0.6538770479844176,0.5769591501209791,0,57.153062901611584,Medium
D0668,33.49030191606988,0,0,5.999930675299709,0.27454458474044463,0,82.50924695459169,Low
D0669,70.91506851922462,3,3,0.13070473766100227,0.8240944904843742,0,53.2567007149905,Medium
D0670,72.4608519249763,5,3,1.8477078384369983,0.005324190571064258,0,56.198100511704716,Medium
D0671,39.2660976759185,1,2,0.11765949573823667,0.5648191628863961,0,73.4682977507956,Medium
D0672,56.573124059196516,2,3,4.484376293235767,0.339203431271918,0,59.2471787880901,Medium
D0673,56.28559134004209,2,1,1.509232810453674,0.32268370707782024,0,75.52786023753625,Low
D0674,45.924883052821784,6,4,2.2133797540199773,0.644906323864917,0,32.6751140146617,High
D0675,52.22183312409125,1,3,3.562516709797054,0.8514844493139939,0,55.84527759412602,Medium
D0676,48.894241545341714,2,0,0.32576886900605145,0.6091953913933262,0,77.16455443412137,Low
D0677,77.52270443423623,1,2,0.0787118934251722,0.8531729786467225,0,67.77911664021521,Medium
D0678,69.35678393147461,1,1,4.221965900618245,0.26459711188102997,0,76.26412596114291,Low
D0679,72.71555094994159,2,0,0.7564779346169135,0.5195018547649811,0,78.09700703546656,Low
D0680,67.21672064043236,0,3,0.27617817299071096,0.450536539067076,0,75.43691287267706,Low
D0681,48.70948228782771,4,1,1.2639583053937964,0.011644899503096218,0,72.23918539915047,Medium
D0682,54.75479733720226,2,1,1.8241297253805104,0.5568121431407401,0,70.21549768642419,Medium
D0683,64.89374561227918,3,1,0.06292066105251143,0.6615243241461749,0,66.64367219497149,Medium
D0684,47.778721911080545,1,4,0.6428794296750093,0.5919144044190701,0,61.87595305226857,Medium
D0685,67.12998430172388,1,3,0.06669969938979185,0.7362798987834215,0,65.14100262555198,Medium
D0686,57.59674601841865,3,0,1.0906111998609715,0.5713395284530771,0,71.39198703121652,Medium
D0687,56.251791924504026,2,1,4.509496081330378,0.06675025485075692,0,74.6460027403241,Medium
D0688,67.10959968203491,2,4,8.108603546466451,0.11644552408471143,0,51.45388242537287,Medium
D0689,64.4426331148604,0,2,2.026966909372242,0.5964745775439524,1,74.01657463037647,Medium
D0690,56.3903383418092,1,1,0.35260985123138233,0.2749791919736402,1,83.79519645806442,Low
D0691,71.59329803364248,2,2,4.72571908973951,0.07964512903476584,0,68.95565923982565,Medium
D0692,49.189366724001026,0,1,1.452365069606867,0.42960274344854676,0,83.50321499181533,Low
D0693,66.15935606944264,4,3,0.3338792837581529,0.5543225980836554,0,53.24578947081059,Medium
D0694,65.93101257968384,5,3,5.095096680057117,0.32874598834960655,0,43.23488687289363,High
D0695,56.904535606860094,0,6,2.833251901727956,0.720433702225778,0,49.92482215202853,High
D0696,63.26133022242118,0,1,2.6313383481697934,0.6437706081012446,1,76.86191114163552,Low
D0697,47.488864236146966,6,3,2.4701063598682547,0.33281836109167195,0,43.40342005843005,High
D0698,69.240270192069,0,1,0.44713683585560293,0.7548725289085606,0,79.00827575011758,Low
D0699,58.15097863557011,1,4,0.47399487884769226,0.6486950425330354,0,61.078109391643906,Medium
D0700,54.772769794809605,0,2,2.3313832598484923,0.6374453787179021,0,72.58832590594497,Medium
D0701,70.49009225836889,3,3,0.4962119477579301,0.553427700787068,1,57.93902208874278,Medium
D0702,52.95656309457241,2,1,1.1548986678773745,0.011389668088552796,0,82.46240930247419,Low
D0703,45.91538703636441,3,2,3.046537181024495,0.6965071834768891,0,54.97678196841322,Medium
D0704,44.433708264760966,5,2,3.0645141436690744,0.3760417911091565,0,51.35013589047872,Medium
D0705,66.0600995134564,5,2,1.2075703029661244,0.9426097101586556,0,43.732665190894636,High
D0706,47.19570647503717,2,1,3.142261562509215,0.8179847710772054,0,62.35578145343747,Medium
D0707,77.54794181984364,3,4,3.648009153726514,0.5876944695313122,0,45.95009230192073,High
D0708,39.18070592116278,6,1,2.1271221536587115,0.25218198181926943,0,55.70211605629719,Medium
D0709,76.96456368290038,3,1,0.5186450066360098,0.20371739327766658,0,74.88836212117465,Medium
D0710,62.11017467202618,2,2,0.6404429814307296,0.3403848376775491,0,71.91141728358755,Medium
D0711,59.032868881296075,3,2,0.7562091553759345,0.4765679435800185,0,63.956222817647756,Medium
D0712,54.550809131910505,1,5,0.24841650887401207,0.2960655100389471,0,63.58185678147303,Medium
D0713,63.991361143520706,1,0,0.6380967717986442,0.5149294953924828,0,83.42521654855305,Low
D0714,59.62365297575152,4,0,0.4702278836185304,0.16537042551318593,0,75.75213572249923,Low
D0715,71.03301882016521,0,2,1.2151457539632453,0.9777128128254999,1,68.01545223556352,Medium
D0716,61.142276486620396,6,1,4.781468005215821,0.10792455496499387,0,53.27857289026848,Medium
D0717,61.50301761461878,2,4,0.22070215509735983,0.9319441396543721,0,50.91971289671785,Medium
D0718,56.36387787786144,3,4,2.5478460102942386,0.9135780114026949,0,41.63274775135763,High
D0719,59.43054376278933,2,2,2.3249133298040343,0.525360481819498,0,64.84296370400197,Medium
D0720,63.07801768892059,0,1,0.2013081028314722,0.7249102718360844,0,80.09917835761537,Low
D0721,42.89831607343375,1,1,5.116824072323614,0.4360482979725878,0,71.045385895901,Medium
D0722,46.518145778942866,4,4,1.6808466982251624,0.6300345775424382,0,44.03761505270091,High
D0723,67.43264094022715,3,1,0.9042504764008378,0.3405759374211187,0,71.37998029877595,Medium
D0724,61.708654381279416,3,8,2.825593605588225,0.30115901978544535,0,33.325632393114645,High
D0725,58.16016663647321,5,0,0.5951024478285709,0.5782297861695137,0,62.24519938095258,Medium
D0726,60.184339330653934,1,1,2.365139237777371,0.49812967418398035,0,75.30712804076565,Low
D0727,63.47581705361671,4,3,0.08104242862716245,0.5795363691499811,0,53.247187759746055,Medium
D0728,54.60240319690639,1,1,3.657777052204323,0.286660581287023,0,76.95123426985089,Low
D0729,52.216952745976876,1,3,1.189033572170298,0.36695783181699526,0,70.2827762193195,Medium
D0730,61.958452550976816,1,2,2.0250136727774453,0.08389796062890931,1,79.27201344186692,Low
D0731,50.21627222384968,0,2,0.5000991366102222,0.05227637227220572,0,87.95427428133544,Low
D0732,64.08252755714472,1,1,2.2606623887375696,0.25345712967301626,0,80.40953262906453,Low
D0733,42.9741639576216,4,2,2.958928094692814,0.07424685933054576,0,62.597206624003455,Medium
D0734,70.29155637325644,2,0,1.2819186829543778,0.1037747086347407,0,85.36066846139643,Low
D0735,64.72597482413043,1,1,1.9232401345764005,0.8129284053939371,0,69.89495162296845,Medium
D0736,62.56029734313876,1,0,1.218810672693252,0.0388736970166893,0,91.7849047142797,Low
D0737,69.82690983945514,1,5,4.490357061428018,0.6589427939347428,0,47.84042999844911,High
D0738,76.65474444462576,2,4,1.3777891933095567,0.2725577488154005,0,61.79326663707288,Medium
D0739,70.1437006501813,2,3,3.6879005518299985,0.8715456807081264,0,50.19328528217748,Medium
D0740,41.59125768668355,0,1,3.2324423161303155,0.48499228457749954,1,78.83526967618937,Low
D0741,47.204230332642986,2,2,1.0569774754922823,0.30557645932782573,0,71.77451586245893,Medium
D0742,53.75181422304321,1,1,0.5229489996803647,0.5176389356894345,0,78.60132328685057,Low
D0743,60.26091050210834,2,4,1.042028478964713,0.3819580190452688,0,60.2767826611652,Medium
D0744,65.17659020469122,2,1,3.499900093680927,0.5643010646698302,1,66.71417851924154,Medium
D0745,52.742561868465344,0,0,0.5165897046667026,0.11453286832634824,0,96.67616322413963,Low
D0746,61.86766764477078,2,3,1.4865090762982816,0.9969905028125511,0,52.087171791152414,Medium
D0747,52.44617067646678,0,1,3.280791890280041,0.42555587769671754,0,79.92729866550556,Low
D0748,53.884821970080516,3,3,0.8722944802435189,0.34823063970736867,0,61.29079824536559,Medium
D0749,45.93338903151778,4,0,2.055616084638298,0.7102098483162649,1,61.68457086439811,Medium
D0750,50.76766753889096,4,2,0.5637488034635579,0.3638994064953325,0,61.59451426316623,Medium
D0751,46.48315394383666,3,2,0.23144906373806018,0.8332743050287577,0,57.871615771948726,Medium
D0752,50.241267470226674,3,1,3.163492044284742,0.45427072436042526,0,64.587601424222,Medium
D0753,70.5364179660784,2,3,0.20843039558894402,0.7195584132654349,0,60.19197094351342,Medium
D0754,50.50601111168057,0,3,0.6332097191395866,0.10745321644188655,0,81.5845162328831,Low
D0755,86.32382064837391,2,1,3.863552911813168,0.8461191855551118,0,60.350510465271434,Medium
D0756,64.93317900880889,3,1,0.8507314988758468,0.7357179867781098,0,63.58417726668611,Medium
D0757,61.84836123694874,1,3,7.227198873484936,0.21171677846196568,0,61.31126668379081,Medium
D0758,51.41642219818787,2,1,7.797654386165731,0.14528600974578665,1,66.4989710327528,Medium
D0759,67.00309879408991,1,0,0.6247038265092514,0.3162923487256244,0,87.424745372469,Low
D0760,54.24362173762226,1,1,0.08368299109032803,0.9760705860319043,0,70.31122229718126,Medium
D0761,61.220098146453616,2,3,2.4419889367714163,0.25683157456705863,0,64.97939063511599,Medium
D0762,85.60084538268795,3,4,1.1992645048696555,0.4561272089466333,0,53.47892681132802,Medium
D0763,59.0394010027535,2,2,0.21239471800396328,0.030020225717336313,0,78.97480604964535,Low
D0764,71.49273326285676,0,0,2.458737257907183,0.39722752956623253,0,87.13797489286098,Low
D0765,52.96823574874112,3,2,0.06334237628756041,0.5713200154331027,0,63.44691493876283,Medium
D0766,59.65011509503038,2,1,4.083469956118172,0.9531246125079651,0,57.770567837604354,Medium
D0767,77.7080063563551,2,3,0.29851457862861913,0.5167360449400644,1,64.06824994394147,Medium
D0768,53.730329422122324,0,2,0.2723540727896467,0.8191073261776878,0,73.07314533086695,Medium
D0769,78.12448557996929,4,2,0.3863742629858922,0.5471276425689006,0,58.28469862265021,Medium
D0770,67.07751935455475,2,2,6.4511141139538495,0.0407850134355181,1,66.28207150338194,Medium
D0771,54.37533224105732,2,0,2.362918691362175,0.31500827518977403,0,78.97399711348017,Low
D0772,66.3240773905552,1,3,3.232638423355376,0.5755495078311033,0,62.023732996667185,Medium
D0773,69.7255444962673,2,2,1.0137833628572155,0.9505939659311243,0,58.96055395566307,Medium
D0774,66.21809962217196,2,0,0.8198884312148088,0.8591303597512333,0,71.17761594254571,Medium
D0775,44.297752801095434,2,2,0.5344103431841776,0.22835561417884764,0,74.3640670300547,Medium
D0776,52.728628241751316,4,2,1.3103469057261032,0.2201098300191635,0,62.97710958816452,Medium
D0777,57.52481364448495,0,2,1.6051596568068953,0.20117296711390076,0,82.76622134410819,Low
D0778,59.25566570899954,1,2,1.9981213800191633,0.9224988963025031,0,62.553779313911605,Medium
D0779,66.20672097550678,4,3,0.5944374818532091,0.8526661531017207,0,46.757801974259166,High
D0780,61.777010009332535,0,1,5.938339636146342,0.7748834322529488,0,67.62565208264834,Medium
D0781,46.64655641289899,0,2,0.3720773089967923,0.3927351142242276,0,81.40114309752187,Low
D0782,63.801978510059634,3,2,6.742491377287457,0.5043807042987668,0,51.42740315944975,Medium
D0783,66.10585745283824,0,3,0.029935159913430067,0.4643317447951528,0,75.6534947842701,Low
D0784,65.5979044793104,1,2,1.312187211822761,0.25339810755937264,0,77.30766342516702,Low
D0785,70.80780725554622,0,4,0.8110337332449147,0.505028046148767,0,68.27737161053484,Medium
D0786,68.33922154548904,1,2,1.1924889532829366,0.030496547852754463,0,82.00509113637904,Low
D0787,64.59180079228437,2,1,1.691033596750769,0.13181037349745917,0,78.98172533654927,Low
D0788,59.29834288541353,2,1,1.1439456988604064,0.8865895961689464,1,64.98031667890027,Medium
D0789,43.39039066484008,1,0,1.071763343312391,0.7516797670314233,0,77.82287797274675,Low
D0790,64.29618219132585,2,2,2.6389425188496762,0.42286840905908707,0,66.2647467811189,Medium
D0791,62.076876871631114,3,4,2.3159366845912546,0.5171503622838772,0,50.025119385139945,Medium
D0792,62.715788371953735,0,1,3.5827744614649766,0.36999888595997743,1,80.43447335787049,Low
D0793,47.232514241796906,3,0,0.5752547645332876,0.7407798671606725,0,69.03389312771996,Medium
D0794,49.189434595917376,1,2,1.8808006414014076,0.7841871792320796,0,65.5546551325556,Medium
D0795,70.53152853332904,4,0,1.759892462657729,0.7632851902031591,0,61.21451127062136,Medium
D0796,59.60444846143345,5,0,0.9232387459093168,0.7226117248344496,0,58.70128801149238,Medium
D0797,66.81500697372624,1,3,1.3312879380415201,0.20450433869279583,1,73.24733735006104,Medium
D0798,60.28318376130461,1,2,0.7531202526331019,0.3379699792404788,0,76.73435990992422,Low
D0799,60.297561394957455,4,3,0.3059396823564051,0.4698454349836749,0,54.99121193561369,Medium
D0800,69.38283805975998,1,1,0.4810912117742159,0.3307929914276556,0,82.42195774789846,Low
D0801,54.83955271782626,1,1,0.2230112640964552,0.754940200158329,0,74.45517346864051,Medium
D0802,60.96120776940983,3,2,2.2981460185783322,0.3293535242499547,0,63.816637477844246,Medium
D0803,55.377247112949576,2,4,2.1619026892733317,0.13823208678533716,0,62.91155288574659,Medium
D0804,55.65503772567684,0,3,6.015867684912928,0.3990404520483041,0,64.98745558920807,Medium
D0805,56.908278765313604,1,1,2.6162859363358093,0.9799144327823803,0,65.16913947168078,Medium
D0806,62.22133771633713,2,4,0.10689826202889414,0.2258814129335759,0,65.2685752172707,Medium
D0807,55.212513783365225,1,1,4.312561785933277,0.6121586589432291,0,69.13170324926887,Medium
D0808,72.55756125573521,4,3,3.9708121726483214,0.4329730498397063,0,48.39891465790923,High
D0809,51.05392697780496,3,1,1.171530573310459,0.07102456764932663,0,76.23644750039256,Low
D0810,58.13128355838641,0,1,1.7631171280628453,0.4878766059980595,0,81.71623362391313,Low
D0811,55.60268941725825,2,2,7.465941279284367,0.7021643286483125,0,51.02483086846502,Medium
D0812,74.46977884353733,4,3,1.5198750894735444,0.5132199758278188,0,51.69585030449654,Medium
D0813,61.965547765115744,2,1,4.71454361126975,0.8721060637465811,0,58.128791502528884,Medium
D0814,70.31844539468635,1,3,0.173380146993931,0.28893701665758265,0,73.8744993728605,Medium
D0815,45.14439626963028,2,2,0.42404095715143064,0.08624917130396492,0,77.42693465961783,Low
D0816,62.67050265869259,2,2,1.1623350361264926,0.9365656116580061,0,58.94401769458689,Medium
D0817,68.89630795623437,2,2,1.7577818527564866,0.378196349528219,0,68.92050930392264,Medium
D0818,60.82283989275424,1,0,3.3881172281456817,0.5764055514536334,1,76.69565451463598,Low
D0819,70.65480375065351,0,5,8.889867292664828,0.792003126130196,0,41.38020289206642,High
D0820,54.82711549899628,3,2,0.9848305987637376,0.3243136638755806,1,66.54406552496091,Medium
D0821,74.0934744018558,6,2,0.09715320984384136,0.7161645381776112,0,45.48240281676009,High
D0822,82.9889812361925,1,0,3.2306253028949765,0.13541884981782804,0,85.83037239785348,Low
D0823,56.37161439560341,2,4,1.8546058840114144,0.29129374720550527,0,60.46491328786707,Medium
D0824,55.54497478599228,2,1,0.44264756337010075,0.1447106361365199,0,81.2204921505294,Low
D0825,74.533844771177,2,1,1.3657144350594823,0.8112305584013578,0,66.04395996185389,Medium
D0826,75.79572145730712,2,5,2.7119978394299302,0.22264923522678537,0,55.12301961660443,Medium
D0827,54.771399728467316,2,0,2.942935906523041,0.7174035554052103,0,69.76605707884971,Medium
D0828,55.798131829041424,1,2,1.3847685912563839,0.9432983972456526,0,63.364494872574184,Medium
D0829,57.18215391139493,4,1,0.7283043150242523,0.527772209068877,0,62.987947188573955,Medium
D0830,46.555494889657226,3,3,7.279613481710974,0.5400291922606877,0,44.6401891913643,High
D0831,50.81348053515802,0,2,2.1774978496671413,0.46103356809781204,0,76.42433293870948,Low
D0832,49.95859233247932,2,5,1.0492998794368806,0.32589014339364275,0,56.38359737325339,Medium
D0833,52.32202434895871,2,3,0.658295281944539,0.4756550309249171,0,64.17030881761258,Medium
D0834,59.65315112613219,3,2,2.6268536182506943,0.6028075322667594,0,57.69014211816343,Medium
D0835,62.342147325365204,1,2,0.5546278705724795,0.9859915721706594,0,64.17091281544185,Medium
D0836,75.50500492814076,2,1,0.37678386211819437,0.9377645593182242,0,65.49114108939912,Medium
D0837,50.016459592612094,0,0,1.5093384379572576,0.8621529582931218,0,79.73826395822306,Low
D0838,69.84322398476584,3,1,0.6849451045303798,0.8891305357048583,0,60.84749907684208,Medium
D0839,57.86011155774491,3,3,1.9825951499868153,0.46784918329204295,0,56.677826034185514,Medium
D0840,59.50536290347567,2,1,0.2509873915427347,0.6574443271774648,0,71.34913867336523,Medium
D0841,66.74819492166604,0,1,2.128080330242484,0.8950667229362141,0,72.84250488079076,Medium
D0842,48.772779784377015,3,0,0.666186183129902,0.39295076499135306,0,75.80861233391313,Low
D0843,63.82409746184051,2,2,0.0004859278957248739,0.9617624783454688,0,60.76377857729918,Medium
D0844,61.66452208213056,4,3,0.2714929629305895,0.415786062069183,0,56.14129283275517,Medium
D0845,64.92451264008149,1,4,5.424579686447554,0.6010826653932156,0,52.12918731924057,Medium
D0846,62.89168643907818,3,2,4.040152343219403,0.7098047132723719,0,52.72360104811375,Medium
D0847,84.55300139910895,2,3,0.5321256748217935,0.9505920130759383,0,54.923908388837646,Medium
D0848,53.62260015748684,4,3,3.0135090952069636,0.24461627405226605,1,54.080656328540755,Medium
D0849,54.690030449981826,0,2,1.8759052983457507,0.7461309782386423,0,71.32556983853566,Medium
D0850,53.76859473575236,2,3,7.07435804681319,0.5208155861440822,0,50.43497218349198,Medium
D0851,54.44522880839745,1,0,0.9355503387248366,0.26855714062064107,0,87.7577565101375,Low
D0852,53.62612872693482,1,2,2.288018292099387,0.7766068397963906,0,64.89182661987341,Medium
D0853,71.89016531107552,1,2,0.13128780486388905,0.5522222801738466,0,73.6929787867953,Medium
D0854,74.20504247989855,0,4,1.0091813590360448,0.6609738206496758,0,64.7621608689344,Medium
D0855,54.29253706250524,1,2,6.6383683146564,0.322901068577901,0,65.26524199912917,Medium
D0856,51.67644426895771,2,2,1.5486314995060804,0.481273951827605,0,67.27725796443573,Medium
D0857,64.71415556386404,3,2,0.6790162899996898,0.6173542509880671,0,61.29488240023929,Medium
D0858,54.477769557190285,5,2,0.25628266314172243,0.404910814269844,0,56.38921838831967,Medium
D0859,66.32931817755511,3,1,2.431607295024822,0.1983725398477013,0,71.16933461299634,Medium
D0860,62.029230208513,2,2,2.0704641204774332,0.961640492315304,1,56.626261912739054,Medium
D0861,44.84255885002768,4,3,0.9366140221653444,0.5114675400426174,0,52.89742115481697,Medium
D0862,75.47505201330061,3,1,6.0294775917777095,0.7339203702877005,0,53.26263741069058,Medium
D0863,77.95877673095522,2,3,0.0449060113914787,0.4110471935560581,0,66.68924410609588,Medium
D0864,53.87211309515614,1,3,0.7240178648825867,0.35513176402571633,0,71.44932898972051,Medium
D0865,56.122984400640156,1,1,5.078374773958418,0.407164298467125,0,71.69996448274067,Medium
D0866,62.85865390724905,4,1,0.7740781449341289,0.4091966437856498,0,65.26791083441874,Medium
D0867,63.34456789987025,5,4,0.5813807426447019,0.5441801159419536,0,42.953636195871525,High
D0868,66.5854427267283,1,2,1.5280854788663294,0.5434698699813632,0,71.07443164264008,Medium
D0869,80.1020453876635,3,1,3.472290993947943,0.49715381588287166,0,63.112341694446684,Medium
D0870,58.2305277250595,2,1,0.21772608665753135,0.1347857849174381,0,81.86883212833618,Low
D0871,52.01702755461546,1,0,5.730134808570107,0.49607547850053113,0,73.61822081284916,Medium
D0872,46.20680771985473,2,2,3.1702017620242358,0.1691039004206515,0,70.2775184675385,Medium
D0873,52.69069960058081,1,3,0.399953608313514,0.12613578629576516,0,76.67737705745766,Low
D0874,59.66873027126203,2,2,2.4896448845548864,0.9326457173411677,0,56.36779588406688,Medium
D0875,77.94557863517788,1,1,0.9721317915308,0.6049500131477042,0,75.95673615398431,Low
D0876,54.823887009638284,0,1,1.0293148383734967,0.6594900581245843,1,79.75156916076132,Low
D0877,62.237879516388986,2,4,3.0583913026271987,0.4017936703333638,0,55.84734398807832,Medium
D0878,59.83577103927248,1,1,6.58207642691167,0.9089808919148642,0,58.65622930787938,Medium
D0879,71.88393273448084,2,1,0.27085122327241207,0.6379304895796655,0,71.69968776186187,Medium
D0880,85.26932425873622,3,3,1.0916287630888235,0.7691698695235875,0,52.43334508335061,Medium
D0881,54.69131227079679,0,1,1.3114777872735406,0.36856246902771383,0,85.00579504489865,Low
D0882,55.10560557481778,0,1,0.9442094843326814,0.9600118808191255,1,73.91134341495213,Medium
D0883,70.44160877069072,2,3,0.9025651300129264,0.820461290158315,0,56.78564393680785,Medium
D0884,66.81891489626311,1,2,0.10736844298925699,0.8539484630145436,0,67.70629385373061,Medium
D0885,78.46707325736034,2,2,2.3137880205266392,0.17219426742575428,0,71.92853861043164,Medium
D0886,65.83928185325964,3,2,1.1461625439330225,0.2709632078712195,0,67.28841075470956,Medium
D0887,56.40707909212941,2,2,0.4333137771587244,0.28562659968357706,0,73.420840452011,Medium
D0888,65.9065483069231,3,3,3.386003231359892,0.27090922324687117,0,57.80980907234279,Medium
D0889,71.08703580582907,3,3,3.244648655065939,0.8554081621042879,0,46.40253944778237,High
D0890,68.20482181197364,3,5,1.3325884525785268,0.03188479520859211,0,56.697127190671104,Medium
D0891,65.07274031107298,2,1,0.7089280971052238,0.0760999889807743,0,82.06014402617407,Low
D0892,70.66674689589154,0,3,2.032734497154017,0.2739148706299037,0,75.45623359309388,Low
D0893,71.69295590445672,2,1,0.6797821284926737,0.19987297464944365,0,79.64297625002578,Low
D0894,73.82158991037527,2,0,0.5383957397486957,0.23185961388284837,0,84.28601624284565,Low
D0895,66.48709887589642,2,2,2.6224825299544556,0.7979431892533,0,58.79617115502509,Medium
D0896,58.328819196831454,3,3,0.08232168659801814,0.5631265938920469,0,58.572824748963015,Medium
D0897,61.46713686433323,1,1,0.1991290697819499,0.0057706612929679935,0,89.48632863457675,Low
D0898,72.06508966508358,2,4,0.013622636950771426,0.42932276570419525,0,61.38629941201455,Medium
D0899,51.83064329012764,0,1,0.3319750207989092,0.40788492685035893,0,86.178351421395,Low
D0900,63.686733088729014,0,0,0.1429705399602393,0.11394526944454353,0,97.43515353118865,Low
D0901,56.06661187672639,2,2,10.946469339574174,0.6761417886014571,0,44.584225548822516,High
D0902,60.28744822934817,3,0,0.6816312267526575,0.7020971883794911,0,69.59479377890486,Medium
D0903,72.78451862607298,1,4,0.32331627703812593,0.7208932190520977,0,59.9355030648818,Medium
D0904,61.910990680199035,1,1,0.5514971428440084,0.728470945558592,0,74.32758680314015,Medium
D0905,60.46436548156149,4,2,5.501672356578116,5.282693229680113e-05,0,58.995598748197835,Medium
D0906,46.40143859020081,1,1,1.468606057541267,0.9539208038467222,0,67.98437180798302,Medium
D0907,67.46253566027221,2,1,0.9076877172093667,0.814208767054663,0,66.900449224488,Medium
D0908,66.45484181141076,0,1,4.133310596954659,0.9039816965892853,0,68.65374487430498,Medium
D0909,81.6325472330546,4,2,1.0050214786869378,0.015643295307434135,0,67.67709113647744,Medium
D0910,56.92221765046999,3,1,0.8159622511275055,0.9338587957857394,0,59.6908995820302,Medium
D0911,62.19150327663939,2,2,0.46457678276248454,0.8097885286881047,0,62.87507586071294,Medium
D0912,62.49383683710755,2,3,0.9489771798360367,0.8372191429586986,0,56.35766278115396,Medium
D0913,75.77453279763475,3,4,0.7615967654138027,0.09328738472196851,1,61.611058774733024,Medium
D0914,59.047044676130476,3,2,2.262088898568182,0.7387780289185977,0,55.70026162449169,Medium
D0915,62.790215257703395,1,2,0.6838054833956815,0.959916689642091,0,64.43405524036682,Medium
D0916,66.0789650971654,3,3,1.7217108504576222,0.6785473414181606,0,52.98563147072155,Medium
D0917,61.86609123156358,3,3,0.1363267848396437,0.5705614046246065,0,58.31611833782858,Medium
D0918,55.535663854494715,0,2,0.4246277013126166,0.945629677748997,0,70.23815104239483,Medium
D0919,61.94089992898308,4,3,1.0464890792303876,0.442937121734436,0,54.048279406850504,Medium
D0920,70.73631749859771,4,1,5.527630766627263,0.5992935663104787,0,51.9588671405359,Medium
D0921,49.7348470058894,2,4,0.947226626938181,0.4763382934943662,0,58.57878087623631,Medium
D0922,61.32969674146876,2,0,2.1817294843269184,0.9328462213602992,0,66.97961660414019,Medium
D0923,52.99879185060827,2,5,0.588976289064671,0.07608472676550726,0,62.30035288656051,Medium
D0924,71.95046628924842,0,2,0.2717163686651884,0.5011197008253482,0,79.43417324616266,Low
D0925,44.76813095216225,2,1,0.12063961172518307,0.6869524413854383,0,71.01967194884087,Medium
D0926,54.410781527284115,2,1,0.7288771448188887,0.7919065384222369,0,67.70411494191748,Medium
D0927,63.772118750645205,3,1,0.34314552950500454,0.5830186474441363,0,67.65333599210727,Medium
D0928,75.65524029234341,0,2,0.38234630894217964,0.908917744121454,1,71.05695249968656,Medium
D0929,59.34249738927012,1,1,2.860570311868958,0.9419914468838717,0,65.43903043858465,Medium
D0930,54.44800473306802,3,4,0.03192966684168015,0.06431922319358352,0,63.649756202444976,Medium
D0931,78.8115706944059,3,3,1.6320318187266663,0.40237053954137436,0,58.68852557171918,Medium
D0932,45.51986099583756,4,0,0.9543348742035075,0.02345902172115444,1,77.62214981716988,Low
D0933,38.01194043379918,0,2,1.4126674843575748,0.3294166573744429,0,80.58633188379599,Low
D0934,64.40014450053333,3,0,1.654867372259187,0.5368682179706021,0,70.95290089606958,Medium
D0935,54.97945775647389,1,0,0.751912695180901,0.9107949305099489,0,75.28027599943923,Low
D0936,49.787671828692865,2,2,0.6994237994029671,0.8465543224654029,0,61.670065951886016,Medium
D0937,67.08356447299353,5,3,2.644025616003339,0.12749972667198572,0,52.161954234553605,Medium
D0938,62.43800713771199,0,2,4.100184755771805,0.0930303747408957,0,79.93902299363847,Low
D0939,54.359213692632714,1,2,0.42782664364689615,0.589267338756667,0,72.35899993757286,Medium
D0940,47.19695601329106,3,1,0.20543637610914015,0.5321179724587827,1,68.94676779860606,Medium
D0941,68.72457328280144,3,0,4.561565137416504,0.26637764143002385,0,70.54931689656652,Medium
D0942,66.50201177958661,1,2,0.8612442077311706,0.8994530845538352,0,65.28844989346096,Medium
D0943,59.00824136220617,0,3,1.602879049271785,0.9273664094615535,0,63.246913712225364,Medium
D0944,78.46636996047665,3,3,0.8911470412022996,0.40261143834016266,0,60.16547715079214,Medium
D0945,49.29915233673847,3,3,0.26889753821948875,0.8903025571135202,0,51.65615378129061,Medium
D0946,44.74474829075261,0,3,1.7799386244732978,0.38394889426297263,0,73.76114486579395,Medium
D0947,53.080919301187556,2,0,1.4894740979250947,0.7368168318297001,0,72.2847151675558,Medium
D0948,59.54413983644502,0,1,0.45378503781727486,0.47594221754772414,0,84.57358557341097,Low
D0949,62.43339449322692,4,2,1.2024821019403593,0.12258315650718299,0,65.14337266597562,Medium
D0950,57.5876394214367,0,1,3.188581464927305,0.9279342012370215,0,70.06415304540496,Medium
D0951,63.520553965142966,2,4,1.7852758711566463,0.4540965933775366,0,57.347516390135965,Medium
D0952,47.48460575809556,1,0,0.20388235224053067,0.7344870403224036,0,79.90249448907086,Low
D0953,74.4376460407326,0,1,1.5882413210447586,0.36717381443129216,0,84.48004106928465,Low
D0954,59.178488216074314,1,4,2.4262847619772065,0.01888087857623466,0,69.76981290452089,Medium
D0955,71.17295831588127,2,1,3.1472093778239696,0.10053035869183591,0,76.69497407051534,Low
D0956,63.42725346377704,5,2,1.983740380296158,0.4962194794899244,0,51.1081296496092,Medium
D0957,64.56753219153784,1,4,0.3313021639419903,0.6899643571263624,0,60.53810852958877,Medium
D0958,65.69767280232205,3,2,2.47694401111819,0.33473532657927907,0,63.351405446178035,Medium
D0959,64.47708560017315,1,3,2.2623237264114637,0.6954884591776503,0,61.56558336362406,Medium
D0960,66.42722759867544,5,1,0.04946033661945551,0.698635589431956,0,55.928367538121975,Medium
D0961,73.29152530132431,2,2,1.0611985727701283,0.7039359073278308,0,63.79888470790312,Medium
D0962,61.9652116970147,0,1,0.8097812871761355,0.4925218540205084,0,83.53000034523755,Low
D0963,67.09003757588512,1,3,2.2137651725127077,0.914886150121504,1,57.27474665254451,Medium
D0964,59.102643057127736,2,3,0.4870390072523919,0.4891965179806156,0,64.2419916258829,Medium
D0965,74.40117215449473,0,1,1.78745405039469,0.4502651934966382,0,82.41978802927785,Low
D0966,53.2360769794073,1,3,4.888434688339587,0.199380819010627,1,66.23551424310828,Medium
D0967,78.00940432910815,3,3,3.1970194089114448,0.3076550873563365,0,57.452859435050385,Medium
D0968,59.59842049355657,0,3,5.088236813857433,0.042334492518303346,0,73.97683652191907,Medium
D0969,45.69224897881952,0,2,7.679959828241213,0.6335352936161702,0,61.96937447119418,Medium
D0970,61.28104414910789,2,0,0.02145492203366221,0.24853574392709288,0,84.98637527739082,Low
D0971,53.18948342525119,2,4,1.9496481147072686,0.3041552544854651,0,60.01759868087617,Medium
D0972,68.40643548988724,2,1,1.0649137964176394,0.7708145216643212,1,67.4538819738783,Medium
D0973,53.47376020697609,4,2,3.9301480827577677,0.3272211831614539,0,55.59528017125539,Medium
D0974,55.538165667852205,3,2,0.5802092141992129,0.24219589201314218,0,68.99566373133872,Medium
D0975,41.10459269054469,1,1,7.929739128389395,0.16905774913370575,0,70.7593667605471,Medium
D0976,55.47693680750923,3,2,1.9023232799501475,0.7748584021819559,0,55.69818539646059,Medium
D0977,35.76120673371044,1,6,3.155272015161826,0.12970625799002689,0,56.095330809875804,Medium
D0978,44.16097176514277,3,0,0.17897335492537692,0.4537537602503535,0,75.56697808514218,Low
D0979,67.60414656144297,3,4,0.4053535753844695,0.5069301160771944,0,54.05069052768718,Medium
D0980,67.85800158650832,2,2,2.840974031986365,0.6873899126857146,0,60.57025368231298,Medium
D0981,64.25457561784965,3,1,0.04446365579278591,0.6332834823329955,1,67.24540304175451,Medium
D0982,50.33023856870787,2,2,3.395205209131518,0.8107206729451748,0,56.99517612283347,Medium
D0983,59.5228864385802,3,4,0.028094441071102448,0.04475143392623815,0,64.04878243933302,Medium
D0984,59.963974609094315,1,1,2.1407427228340783,0.2964407247793972,0,79.7897000587439,Low
D0985,48.416353108074574,3,2,0.9085563938109158,0.28013411877537975,0,67.58020483687056,Medium
D0986,75.0339830176715,2,2,1.8908977202963462,0.14601690559210823,0,73.29786644756514,Medium
D0987,68.77362290575671,4,5,2.3816617907544106,0.28917825385644313,0,44.453111341362316,High
D0988,57.79035826170336,3,1,0.838545652379918,0.3097653141429034,0,72.12760241238209,Medium
D0989,60.26885838994531,1,0,0.22849409751558505,0.5218844619274783,0,84.10532256641926,Low
D0990,62.08382807947552,1,2,0.1443799558969788,0.6637044789262561,1,71.43715050968092,Medium
D0991,39.58265131575709,2,1,1.778012827470524,0.3811005136118141,0,73.82196407282267,Medium
D0992,57.52822617479403,4,0,1.4706708565171323,0.7194702313133812,1,62.66925366069812,Medium
D0993,53.180157520022014,2,1,2.7111502056826304,0.33616533857958,0,72.85439281704315,Medium
D0994,49.983799901050844,3,1,1.4256205160033812,0.29028367731476035,0,71.34308542169802,Medium
D0995,57.18899707114045,1,2,1.0979059418306172,0.5411880558570243,0,71.98042699919827,Medium
D0996,77.97686526849523,2,2,1.0152853170116485,0.023716360305790607,0,77.49510215986089,Low
D0997,66.4084286126701,4,2,0.05360582574224084,0.07978912363400037,0,68.29700587583551,Medium
D0998,54.28821010217203,4,0,0.8176129736932666,0.41796954358652705,0,70.00538318088293,Medium
D0999,65.72582781356158,1,3,7.4610833967982,0.9429127113917565,0,46.219578978568464,High
